f1,gmean,bacc,auc,brier,ece,dataset,seed,IR,IR_actual,n_min,n_syn,method,H,n_channels,length,M,n_select,tau,clf,energy_syn,mmd_syn,disp_ratio,accept,secs,guard
0.6666666666666666,0.7071067811865476,0.75,0.9946469907407407,0.012341925925925925,0.024755555555555555,ArticularyWordRecognition,0,5,24.0,11,253,none,0.53,9,144,1.7999999999999998,128,2.0,rf,,,,,,
0.7368421052631579,0.7637626158259734,0.7916666666666667,0.9973958333333333,0.009871074074074076,0.01745555555555556,ArticularyWordRecognition,0,5,24.0,11,253,SMOTE-raw,0.53,9,144,1.7999999999999998,128,2.0,rf,2.468296725397602,0.20198054764535045,0.4886385460041004,,,
0.9565217391304348,0.9574271077563381,0.9583333333333333,0.9962384259259259,0.006207666666666666,0.01858888888888889,ArticularyWordRecognition,0,5,24.0,11,253,guide=gpf | walk=aligned,0.53,9,144,1.7999999999999998,128,2.0,rf,3.1098575584025703,0.15589507271473224,1.2106709374752647,0.8784722222222222,1.0,0.0
0.9565217391304348,0.9574271077563381,0.9583333333333333,0.9997106481481481,0.004259259259259259,0.02033333333333333,ArticularyWordRecognition,0,5,24.0,11,253,guide=sig | walk=aligned,0.53,9,144,1.7999999999999998,128,2.0,rf,1.7380383790996081,0.10832522347571005,1.1559796596244263,0.8784722222222222,1.2,0.0
0.6666666666666666,0.7071067811865476,0.75,0.9971064814814814,0.012668000000000002,0.02508888888888889,ArticularyWordRecognition,0,10,24.0,11,253,none,0.53,9,144,1.7999999999999998,128,2.0,rf,,,,,,
0.7368421052631579,0.7637626158259734,0.7916666666666667,0.998119212962963,0.009768185185185185,0.017611111111111105,ArticularyWordRecognition,0,10,24.0,11,253,SMOTE-raw,0.53,9,144,1.7999999999999998,128,2.0,rf,2.4699507173458386,0.2176000624872848,0.430487120146386,,,
0.9565217391304348,0.9574271077563381,0.9583333333333333,0.9992766203703703,0.00532562962962963,0.020466666666666668,ArticularyWordRecognition,0,10,24.0,11,253,guide=gpf | walk=aligned,0.53,9,144,1.7999999999999998,128,2.0,rf,3.315834738641053,0.16721834432409355,1.1499873754663321,0.98828125,0.7,0.0
0.9565217391304348,0.9574271077563381,0.9583333333333333,0.9994212962962964,0.004297074074074075,0.017899999999999996,ArticularyWordRecognition,0,10,24.0,11,253,guide=sig | walk=aligned,0.53,9,144,1.7999999999999998,128,2.0,rf,1.7211421454820606,0.10532900410620771,1.1073536381471725,0.8784722222222222,1.2,0.0
0.7368421052631579,0.7637626158259734,0.7916666666666667,0.9956597222222221,0.012443148148148148,0.024477777777777775,ArticularyWordRecognition,0,20,24.0,11,253,none,0.53,9,144,1.7999999999999998,128,2.0,rf,,,,,,
0.6666666666666666,0.7071067811865476,0.75,0.9976851851851852,0.010159740740740742,0.017277777777777777,ArticularyWordRecognition,0,20,24.0,11,253,SMOTE-raw,0.53,9,144,1.7999999999999998,128,2.0,rf,2.37789512980474,0.20360960287510543,0.4784161083098545,,,
0.9565217391304348,0.9574271077563381,0.9583333333333333,0.9971064814814815,0.006256296296296297,0.019000000000000003,ArticularyWordRecognition,0,20,24.0,11,253,guide=gpf | walk=aligned,0.53,9,144,1.7999999999999998,128,2.0,rf,2.9984851723507475,0.1510997810762592,1.2172613504345524,0.8784722222222222,0.8,0.0
0.9565217391304348,0.9574271077563381,0.9583333333333333,0.9999999999999999,0.003995148148148148,0.01845555555555556,ArticularyWordRecognition,0,20,24.0,11,253,guide=sig | walk=aligned,0.53,9,144,1.7999999999999998,128,2.0,rf,1.815660648756527,0.11342083247567836,1.0877976544508674,0.8784722222222222,1.1,0.0
0.6666666666666666,0.7071067811865476,0.75,0.9965277777777778,0.011963814814814814,0.02465555555555556,ArticularyWordRecognition,1,5,24.0,11,253,none,0.53,9,144,2.0,128,2.0,rf,,,,,,
0.7368421052631579,0.7637626158259734,0.7916666666666667,0.9986979166666667,0.009818444444444444,0.017466666666666665,ArticularyWordRecognition,1,5,24.0,11,253,SMOTE-raw,0.53,9,144,2.0,128,2.0,rf,2.3740078726227924,0.19019544839843638,0.5229681201115057,,,
0.9565217391304348,0.9574271077563381,0.9583333333333333,0.9988425925925928,0.005958111111111111,0.01823333333333333,ArticularyWordRecognition,1,5,24.0,11,253,guide=gpf | walk=aligned,0.53,9,144,2.0,128,2.0,rf,3.3340266632379176,0.1686954282898151,1.3871439393532934,0.8784722222222222,0.8,0.0
0.9565217391304348,0.9574271077563381,0.9583333333333333,0.9997106481481483,0.004279333333333333,0.020755555555555555,ArticularyWordRecognition,1,5,24.0,11,253,guide=sig | walk=aligned,0.53,9,144,2.0,128,2.0,rf,1.7953180942016829,0.11211735046437232,1.279242574518521,0.790625,1.3,0.0
0.6666666666666666,0.7071067811865476,0.75,0.9965277777777778,0.011981851851851853,0.024355555555555557,ArticularyWordRecognition,1,10,24.0,11,253,none,0.53,9,144,2.0,128,2.0,rf,,,,,,
0.7368421052631579,0.7637626158259734,0.7916666666666667,0.997974537037037,0.009825851851851851,0.016422222222222223,ArticularyWordRecognition,1,10,24.0,11,253,SMOTE-raw,0.53,9,144,2.0,128,2.0,rf,2.3818949638306535,0.2014726248194656,0.4768061600162512,,,
0.9565217391304348,0.9574271077563381,0.9583333333333333,0.9978298611111112,0.0056755925925925915,0.017233333333333333,ArticularyWordRecognition,1,10,24.0,11,253,guide=gpf | walk=aligned,0.53,9,144,2.0,128,2.0,rf,3.340307816425158,0.16345748783400116,1.408377924168014,0.8784722222222222,0.8,0.0
0.9565217391304348,0.9574271077563381,0.9583333333333333,0.9994212962962963,0.004380148148148149,0.024199999999999996,ArticularyWordRecognition,1,10,24.0,11,253,guide=sig | walk=aligned,0.53,9,144,2.0,128,2.0,rf,1.7501016651112238,0.10422937194000959,1.2812672826696,0.790625,1.3,0.0
0.6666666666666666,0.7071067811865476,0.75,0.9976851851851851,0.011706222222222222,0.024088888888888892,ArticularyWordRecognition,1,20,24.0,11,253,none,0.53,9,144,2.0,128,2.0,rf,,,,,,
0.7368421052631579,0.7637626158259734,0.7916666666666667,0.998119212962963,0.009757148148148148,0.016855555555555558,ArticularyWordRecognition,1,20,24.0,11,253,SMOTE-raw,0.53,9,144,2.0,128,2.0,rf,2.5145109941110526,0.20404787012152154,0.4889262256180319,,,
0.9565217391304348,0.9574271077563381,0.9583333333333333,0.9959490740740741,0.00587374074074074,0.0187,ArticularyWordRecognition,1,20,24.0,11,253,guide=gpf | walk=aligned,0.53,9,144,2.0,128,2.0,rf,3.1802634682552355,0.15878420278836114,1.332076522698565,0.8784722222222222,0.8,0.0
0.9565217391304348,0.9574271077563381,0.9583333333333333,0.9991319444444444,0.0046753703703703705,0.022588888888888888,ArticularyWordRecognition,1,20,24.0,11,253,guide=sig | walk=aligned,0.53,9,144,2.0,128,2.0,rf,1.7564836823053085,0.10479543581856299,1.3049718663762842,0.790625,1.3,0.0
0.6666666666666666,0.7071067811865476,0.75,0.9958043981481481,0.011912555555555558,0.02267777777777778,ArticularyWordRecognition,2,5,24.0,11,253,none,0.53,9,144,2.0,128,2.0,rf,,,,,,
0.7368421052631579,0.7637626158259734,0.7916666666666667,0.9985532407407407,0.009607407407407407,0.0168,ArticularyWordRecognition,2,5,24.0,11,253,SMOTE-raw,0.53,9,144,2.0,128,2.0,rf,2.441100940338238,0.20658954572500732,0.4655367996096465,,,
0.9565217391304348,0.9574271077563381,0.9583333333333333,0.9985532407407407,0.005335481481481481,0.017377777777777784,ArticularyWordRecognition,2,5,24.0,11,253,guide=gpf | walk=aligned,0.53,9,144,2.0,128,2.0,rf,3.148028532798472,0.1469083418519187,1.5630817565947674,0.98828125,0.8,0.0
0.9565217391304348,0.9574271077563381,0.9583333333333333,0.9995659722222222,0.004327185185185184,0.02122222222222222,ArticularyWordRecognition,2,5,24.0,11,253,guide=sig | walk=aligned,0.53,9,144,2.0,128,2.0,rf,1.727443199738584,0.09976698533430872,1.4153845435763195,0.790625,1.4,0.0
0.6666666666666666,0.7071067811865476,0.75,0.995949074074074,0.01221111111111111,0.02262222222222222,ArticularyWordRecognition,2,10,24.0,11,253,none,0.53,9,144,2.0,128,2.0,rf,,,,,,
0.7368421052631579,0.7637626158259734,0.7916666666666667,0.9965277777777777,0.009919407407407408,0.01708888888888889,ArticularyWordRecognition,2,10,24.0,11,253,SMOTE-raw,0.53,9,144,2.0,128,2.0,rf,2.289321415668949,0.19104990849256115,0.508742284918505,,,
0.9565217391304348,0.9574271077563381,0.9583333333333333,0.9979745370370371,0.006125814814814816,0.018788888888888893,ArticularyWordRecognition,2,10,24.0,11,253,guide=gpf | walk=aligned,0.53,9,144,2.0,128,2.0,rf,3.331270173495417,0.1602094875967751,1.4314737665330766,0.8784722222222222,0.8,0.0
0.9565217391304348,0.9574271077563381,0.9583333333333333,0.9994212962962963,0.0041472962962962965,0.023299999999999998,ArticularyWordRecognition,2,10,24.0,11,253,guide=sig | walk=aligned,0.53,9,144,2.0,128,2.0,rf,1.7028148341322513,0.10009223304678294,1.3255826969554196,0.790625,1.4,0.0
0.6666666666666666,0.7071067811865476,0.75,0.9956597222222222,0.012075148148148149,0.023944444444444442,ArticularyWordRecognition,2,20,24.0,11,253,none,0.53,9,144,2.0,128,2.0,rf,,,,,,
0.7368421052631579,0.7637626158259734,0.7916666666666667,0.9989872685185185,0.01032677777777778,0.0173,ArticularyWordRecognition,2,20,24.0,11,253,SMOTE-raw,0.53,9,144,2.0,128,2.0,rf,2.3004703460820988,0.1971511433057993,0.4809476230631914,,,
0.9565217391304348,0.9574271077563381,0.9583333333333333,0.9952256944444444,0.006330111111111112,0.018300000000000004,ArticularyWordRecognition,2,20,24.0,11,253,guide=gpf | walk=aligned,0.53,9,144,2.0,128,2.0,rf,3.245237955332822,0.15357451895072316,1.519320679672196,0.98828125,0.7,0.0
0.9565217391304348,0.9574271077563381,0.9583333333333333,0.9994212962962963,0.004308333333333332,0.019722222222222217,ArticularyWordRecognition,2,20,24.0,11,253,guide=sig | walk=aligned,0.53,9,144,2.0,128,2.0,rf,1.7692347723062039,0.10044545437464514,1.6139634264358802,0.790625,1.3,0.0
0.9117647058823529,0.9153348228041134,0.9189189189189189,0.9937115333154937,0.03951400966183575,0.09405797101449277,Epilepsy,0,5,5.0,20,80,none,0.045,3,206,2.0,128,2.0,rf,,,,,,
0.8533333333333334,0.901935005463705,0.9027294621354027,0.9878244581214879,0.03857954911433173,0.06618357487922706,Epilepsy,0,5,5.0,20,80,SMOTE-raw,0.045,3,206,2.0,128,2.0,rf,0.3536719149830865,0.09330908497491985,0.5236921159008447,,,
0.8831168831168831,0.9296933237422244,0.9297564891624297,0.985951297832486,0.04385386473429952,0.06925120772946858,Epilepsy,0,5,5.0,20,80,guide=gpf | walk=aligned,0.045,3,206,2.0,128,2.0,rf,0.2223005059060661,0.05506611556581198,1.2930613759294394,0.8333333333333334,0.3,0.0
0.9113924050632911,0.9566465378293674,0.9567835161894568,0.9891624297564892,0.03779605475040257,0.054178743961352686,Epilepsy,0,5,5.0,20,80,guide=sig | walk=aligned,0.045,3,206,2.0,128,2.0,rf,0.24223701978726675,0.048712497742393945,1.5201910277815875,0.8333333333333334,0.3,0.0
0.7666666666666667,0.7884298457197201,0.8108108108108107,0.9757827134064757,0.07071884057971015,0.08328502415458935,Epilepsy,0,10,10.0,10,90,none,0.045,3,206,2.0,128,2.0,rf,,,,,,
0.8450704225352113,0.8824395115648317,0.8856034252073857,0.9827401659084828,0.05362181964573269,0.054516908212560396,Epilepsy,0,10,10.0,10,90,SMOTE-raw,0.045,3,206,2.0,128,2.0,rf,0.45762797988120196,0.10955264174963786,0.522352308152693,,,
0.8533333333333334,0.901935005463705,0.9027294621354027,0.9756489162429757,0.0561731078904992,0.06782608695652173,Epilepsy,0,10,10.0,10,90,guide=gpf | walk=aligned,0.045,3,206,2.0,128,2.0,rf,0.23160148016662152,0.05475116321923745,0.6273701175493764,0.9375,0.3,0.0
0.9473684210526315,0.9716340801232448,0.9716350013379716,0.995986085094996,0.0272609500805153,0.05524154589371978,Epilepsy,0,10,10.0,10,90,guide=sig | walk=aligned,0.045,3,206,2.0,128,2.0,rf,0.4519873896116491,0.05939133923577744,1.2588143745534606,0.9375,0.3,0.0
0.5660377358490566,0.6335546468146228,0.6977522076531978,0.9364463473374364,0.1209438808373591,0.125048309178744,Epilepsy,0,20,20.0,5,95,none,0.045,3,206,1.5999999999999999,128,2.0,rf,,,,,,
0.6451612903225806,0.7167852592237886,0.7455177950227455,0.9522344126304522,0.10212415458937199,0.09685990338164252,Epilepsy,0,20,20.0,5,95,SMOTE-raw,0.045,3,206,1.5999999999999999,128,2.0,rf,0.9503051360829144,0.2714742853847604,0.5472605326196581,,,
0.7887323943661971,0.8436829438958168,0.8486754080813487,0.9416644367139416,0.08472504025764895,0.0639855072463768,Epilepsy,0,20,20.0,5,95,guide=gpf | walk=aligned,0.045,3,206,1.5999999999999999,128,2.0,rf,0.820676973658252,0.17241649926942804,2.070186787663777,0.9895833333333334,0.2,0.0
0.821917808219178,0.8732948138806063,0.8757024351083758,0.9677548835964678,0.06584903381642511,0.06770531400966184,Epilepsy,0,20,20.0,5,95,guide=sig | walk=aligned,0.045,3,206,1.5999999999999999,128,2.0,rf,0.5678096833358244,0.13647358208570182,1.3690216930571646,0.9895833333333334,0.3,0.0
0.8,0.8299324054998026,0.8414503612523414,0.9875568637944876,0.04750370370370371,0.08096618357487921,Epilepsy,1,5,5.0,20,80,none,0.045,3,206,2.1999999999999997,128,2.0,rf,,,,,,
0.8333333333333334,0.8778790701234258,0.8806529301578807,0.9815359914369816,0.04987262479871176,0.09057971014492754,Epilepsy,1,5,5.0,20,80,SMOTE-raw,0.045,3,206,2.1999999999999997,128,2.0,rf,0.5377563577625044,0.12708315819890637,0.4877808970913626,,,
0.8533333333333334,0.901935005463705,0.9027294621354027,0.9860850949959861,0.04240072463768116,0.076256038647343,Epilepsy,1,5,5.0,20,80,guide=gpf | walk=aligned,0.045,3,206,2.1999999999999997,128,2.0,rf,0.4832077825797998,0.11357338870593359,1.0315616265768133,0.8333333333333334,0.3,0.0
0.8533333333333334,0.901935005463705,0.9027294621354027,0.9732405672999732,0.05774589371980676,0.07560386473429953,Epilepsy,1,5,5.0,20,80,guide=sig | walk=aligned,0.045,3,206,2.1999999999999997,128,2.0,rf,0.5144181769787401,0.11619007115168845,1.0244334659134517,0.8333333333333334,0.3,0.0
0.7,0.7458743901177706,0.7738827936847739,0.971902595664972,0.08237971014492754,0.08980676328502415,Epilepsy,1,10,10.0,10,90,none,0.045,3,206,1.7999999999999998,128,2.0,rf,,,,,,
0.7272727272727273,0.7851989107281139,0.7995718490767996,0.9685576665774686,0.07165064412238324,0.09804347826086955,Epilepsy,1,10,10.0,10,90,SMOTE-raw,0.045,3,206,1.7999999999999998,128,2.0,rf,0.6381320327323223,0.17012948819370555,0.468756478013878,,,
0.782608695652174,0.8328292115342097,0.8401123896173401,0.9704308268664705,0.07118582930756844,0.0711111111111111,Epilepsy,1,10,10.0,10,90,guide=gpf | walk=aligned,0.045,3,206,1.7999999999999998,128,2.0,rf,1.0833037279362778,0.24624711883478823,0.5832817162923458,0.9375,0.3,0.0
0.7887323943661971,0.8436829438958168,0.8486754080813487,0.9680224779234681,0.07521779388083737,0.07963768115942028,Epilepsy,1,10,10.0,10,90,guide=sig | walk=aligned,0.045,3,206,1.7999999999999998,128,2.0,rf,0.6135508683153823,0.13216201223417345,1.0444402838760605,0.703125,0.4,0.0
0.5769230769230769,0.6367145399670133,0.7027027027027027,0.9618678084024618,0.1144279388083736,0.12731884057971013,Epilepsy,1,20,20.0,5,95,none,0.045,3,206,1.5999999999999999,128,2.0,rf,,,,,,
0.8253968253968254,0.8382736442849095,0.8513513513513513,0.973909553117474,0.0634488727858293,0.08094202898550724,Epilepsy,1,20,20.0,5,95,SMOTE-raw,0.045,3,206,1.5999999999999999,128,2.0,rf,1.281846531329569,0.2060046287552041,0.4276600449559555,,,
0.7352941176470589,0.7972054481911395,0.8081348675408081,0.9506288466684506,0.07863035426731077,0.09707729468599031,Epilepsy,1,20,20.0,5,95,guide=gpf | walk=aligned,0.045,3,206,1.5999999999999999,128,2.0,rf,3.164851011794195,0.3422819006212313,1.1518682557178856,0.9895833333333334,0.2,0.0
0.8,0.8481117561835346,0.8536259031308536,0.9622691998929622,0.07245700483091787,0.054057971014492744,Epilepsy,1,20,20.0,5,95,guide=sig | walk=aligned,0.045,3,206,1.5999999999999999,128,2.0,rf,1.3087803744790691,0.13411672981816813,1.1797223732673874,0.4947916666666667,0.6,0.0
0.8615384615384616,0.86991767240168,0.8783783783783784,0.9925073588439925,0.04290193236714975,0.07777777777777778,Epilepsy,2,5,5.0,20,80,none,0.045,3,206,2.1999999999999997,128,2.0,rf,,,,,,
0.9090909090909091,0.9482177696715555,0.9482204977254483,0.9900990099009901,0.03692914653784219,0.053285024154589355,Epilepsy,2,5,5.0,20,80,SMOTE-raw,0.045,3,206,2.1999999999999997,128,2.0,rf,0.4309934032241194,0.12633691659191248,0.5429153227299675,,,
0.9113924050632911,0.9566465378293674,0.9567835161894568,0.986887877976987,0.04108333333333332,0.05620772946859903,Epilepsy,2,5,5.0,20,80,guide=gpf | walk=aligned,0.045,3,206,2.1999999999999997,128,2.0,rf,0.21526585629553452,0.05463940998008865,0.9654990701572262,0.8333333333333334,0.3,0.0
0.925,0.9698422858413324,0.9702970297029703,0.9927749531709927,0.0332695652173913,0.06811594202898552,Epilepsy,2,5,5.0,20,80,guide=sig | walk=aligned,0.045,3,206,2.1999999999999997,128,2.0,rf,0.25160711879874853,0.0629623585991872,1.765934469234026,0.8333333333333334,0.3,0.0
0.6551724137931034,0.7094680606535458,0.7468557666577469,0.968959058067969,0.09102109500805151,0.09647342995169081,Epilepsy,2,10,10.0,10,90,none,0.045,3,206,2.4,128,2.0,rf,,,,,,
0.75,0.7933359043334857,0.8094728391758095,0.9755151190794755,0.0732122383252818,0.08922705314009663,Epilepsy,2,10,10.0,10,90,SMOTE-raw,0.045,3,206,2.4,128,2.0,rf,0.843319674978253,0.17692809765507067,0.47794830351489276,,,
0.8831168831168831,0.9296933237422244,0.9297564891624297,0.989028632592989,0.03726610305958132,0.07673913043478259,Epilepsy,2,10,10.0,10,90,guide=gpf | walk=aligned,0.045,3,206,2.4,128,2.0,rf,0.26119560002305553,0.05523427537872139,0.8618002238177231,0.703125,0.4,0.0
0.8378378378378378,0.8877304168585124,0.8892159486218891,0.9804656141289804,0.05423107890499195,0.0803864734299517,Epilepsy,2,10,10.0,10,90,guide=sig | walk=aligned,0.045,3,206,2.4,128,2.0,rf,0.4352061500265525,0.08749316306594501,0.7459781734994579,0.703125,0.5,0.0
0.5384615384615384,0.6120719384193124,0.6842386941396843,0.9455445544554456,0.12174460547504028,0.1285507246376812,Epilepsy,2,20,20.0,5,95,none,0.045,3,206,1.5999999999999999,128,2.0,rf,,,,,,
0.6206896551724138,0.6870490468870997,0.7283917580947283,0.945945945945946,0.10945877616747181,0.10463768115942026,Epilepsy,2,20,20.0,5,95,SMOTE-raw,0.045,3,206,1.5999999999999999,128,2.0,rf,0.8854344275000883,0.2518601164620281,0.5449299550161419,,,
0.8059701492537313,0.8414597965694547,0.85001337971635,0.968022477923468,0.0703156199677939,0.05724637681159418,Epilepsy,2,20,20.0,5,95,guide=gpf | walk=aligned,0.045,3,206,1.5999999999999999,128,2.0,rf,1.008888584387421,0.22418295208577976,1.4539330743166154,0.9895833333333334,0.3,0.0
0.71875,0.7726596556942759,0.7910088306127909,0.9622691998929623,0.08252971014492755,0.0628743961352657,Epilepsy,2,20,20.0,5,95,guide=sig | walk=aligned,0.045,3,206,1.5999999999999999,128,2.0,rf,1.026701347302585,0.25063930618308966,0.7215761146783283,0.7421875,0.4,0.0
0.9122807017543859,0.927840982544363,0.9299999999999999,0.9896666666666667,0.03217333333333333,0.0678888888888889,NATOPS,0,5,5.0,30,120,none,0.715,24,51,2.1999999999999997,128,2.0,rf,,,,,,
0.8620689655172413,0.9036961141150639,0.9066666666666667,0.9832222222222222,0.03680067901234568,0.04405555555555553,NATOPS,0,5,5.0,30,120,SMOTE-raw,0.715,24,51,2.1999999999999997,128,2.0,rf,0.7834005643907176,0.08858192482739236,0.6840050781191814,,,
0.9666666666666667,0.9799092928543041,0.98,0.996,0.015706049382716046,0.04448148148148149,NATOPS,0,5,5.0,30,120,guide=gpf | walk=aligned,0.715,24,51,2.1999999999999997,128,2.0,rf,0.4521049942650617,0.04120017249214447,0.9811087225154599,0.75,0.8,0.0
0.9354838709677419,0.9733105020153298,0.9733333333333334,0.9953333333333334,0.02282179012345679,0.06057407407407408,NATOPS,0,5,5.0,30,120,guide=sig | walk=aligned,0.715,24,51,2.1999999999999997,128,2.0,rf,0.8426127574169779,0.04935582304544672,1.3853682040722595,0.75,0.3,0.0
0.6363636363636364,0.6831300510639732,0.7333333333333334,0.9805555555555556,0.054692716049382716,0.07481481481481482,NATOPS,0,10,10.0,15,135,none,0.715,24,51,2.0,128,2.0,rf,,,,,,
0.8928571428571429,0.9098229375970788,0.9133333333333333,0.9946666666666667,0.030839197530864195,0.062203703703703705,NATOPS,0,10,10.0,15,135,SMOTE-raw,0.715,24,51,2.0,128,2.0,rf,1.2219314396064451,0.08129486871430436,0.6689637697793135,,,
0.9122807017543859,0.927840982544363,0.9299999999999999,0.9923333333333334,0.018765370370370373,0.047314814814814816,NATOPS,0,10,10.0,15,135,guide=gpf | walk=aligned,0.715,24,51,2.0,128,2.0,rf,1.7247212662067053,0.0782155993342245,0.9309150671767831,0.84375,0.8,0.0
0.9491525423728814,0.9628660919936433,0.9633333333333334,0.9948888888888888,0.01850746913580247,0.0496111111111111,NATOPS,0,10,10.0,15,135,guide=sig | walk=aligned,0.715,24,51,2.0,128,2.0,rf,1.73539293059377,0.08399093754386233,0.7450211486929369,0.84375,0.3,0.0
0.42105263157894735,0.5163977794943222,0.6333333333333333,0.9564444444444444,0.08206166666666667,0.10664814814814816,NATOPS,0,20,18.8,8,142,none,0.715,24,51,1.7999999999999998,128,2.0,rf,,,,,,
0.6530612244897959,0.7229568912920512,0.7566666666666666,0.9153333333333333,0.07603993827160492,0.04520370370370371,NATOPS,0,20,18.8,8,142,SMOTE-raw,0.715,24,51,1.7999999999999998,128,2.0,rf,2.950967302925635,0.2378451399082956,0.5984564481819211,,,
0.9310344827586207,0.9455157322858251,0.9466666666666667,0.9945555555555556,0.021300185185185182,0.038833333333333345,NATOPS,0,20,18.8,8,142,guide=gpf | walk=aligned,0.715,24,51,1.7999999999999998,128,2.0,rf,3.2122211776916068,0.1851701339320193,1.4360092406398934,0.44375,1.4,0.0
0.9122807017543859,0.927840982544363,0.9299999999999999,0.9958888888888889,0.024285679012345678,0.04985185185185184,NATOPS,0,20,18.8,8,142,guide=sig | walk=aligned,0.715,24,51,1.7999999999999998,128,2.0,rf,4.351277900499493,0.3677549298989129,0.6443435073114286,0.5546875,0.4,0.0
0.8928571428571429,0.9098229375970788,0.9133333333333333,0.9920000000000001,0.030550555555555556,0.06724074074074073,NATOPS,1,5,5.0,30,120,none,0.715,24,51,2.4,128,2.0,rf,,,,,,
0.8620689655172413,0.9036961141150639,0.9066666666666667,0.988,0.03429123456790124,0.048592592592592576,NATOPS,1,5,5.0,30,120,SMOTE-raw,0.715,24,51,2.4,128,2.0,rf,0.6767567347686718,0.0805096296520339,0.717240360913405,,,
0.9666666666666667,0.9799092928543041,0.98,0.998,0.014769753086419753,0.049037037037037046,NATOPS,1,5,5.0,30,120,guide=gpf | walk=aligned,0.715,24,51,2.4,128,2.0,rf,0.5906076949723875,0.04245568710190584,1.1399992637798981,0.75,0.8,0.0
0.9508196721311475,0.9766154707855993,0.9766666666666667,0.998,0.019535061728395062,0.05737037037037034,NATOPS,1,5,5.0,30,120,guide=sig | walk=aligned,0.715,24,51,2.4,128,2.0,rf,1.195587495824821,0.06822456608995908,1.8828529065822144,0.75,0.3,0.0
0.723404255319149,0.752772652709081,0.7833333333333333,0.9827777777777778,0.05358580246913581,0.07981481481481482,NATOPS,1,10,10.0,15,135,none,0.715,24,51,2.0,128,2.0,rf,,,,,,
0.7843137254901961,0.8137703743822469,0.83,0.9722222222222222,0.05176265432098766,0.05031481481481481,NATOPS,1,10,10.0,15,135,SMOTE-raw,0.715,24,51,2.0,128,2.0,rf,1.0521774622442273,0.09878901988340627,0.6606664028881287,,,
0.9122807017543859,0.927840982544363,0.9299999999999999,0.9908888888888889,0.020311296296296296,0.04635185185185186,NATOPS,1,10,10.0,15,135,guide=gpf | walk=aligned,0.715,24,51,2.0,128,2.0,rf,0.8296147844785278,0.09112005480055319,0.6122631168828423,0.84375,0.8,0.0
0.9310344827586207,0.9455157322858251,0.9466666666666667,0.9975555555555556,0.019339753086419754,0.049925925925925936,NATOPS,1,10,10.0,15,135,guide=sig | walk=aligned,0.715,24,51,2.0,128,2.0,rf,1.0417374184545451,0.09154511073863558,0.9041978635635697,0.84375,0.3,0.0
0.3333333333333333,0.4472135954999579,0.6,0.9349999999999999,0.08592117283950618,0.06579629629629628,NATOPS,1,20,18.8,8,142,none,0.715,24,51,2.0,128,2.0,rf,,,,,,
0.72,0.7694153624668538,0.7933333333333333,0.9842222222222221,0.052474999999999994,0.07212962962962963,NATOPS,1,20,18.8,8,142,SMOTE-raw,0.715,24,51,2.0,128,2.0,rf,1.8251926864036658,0.11642781676316827,0.6007067165608572,,,
0.8,0.816496580927726,0.8333333333333333,0.9768888888888889,0.04593179012345679,0.05627777777777778,NATOPS,1,20,18.8,8,142,guide=gpf | walk=aligned,0.715,24,51,2.0,128,2.0,rf,5.263818404755783,0.22251024746490533,0.5769179347956694,0.5546875,1.2,0.0
0.9122807017543859,0.927840982544363,0.9299999999999999,0.9818888888888888,0.029603333333333332,0.0682962962962963,NATOPS,1,20,18.8,8,142,guide=sig | walk=aligned,0.715,24,51,2.0,128,2.0,rf,2.9632671091788954,0.11697892680077993,0.7219461593630673,0.5546875,0.4,0.0
0.8928571428571429,0.9098229375970788,0.9133333333333333,0.9925555555555555,0.02973623456790123,0.0632037037037037,NATOPS,2,5,5.0,30,120,none,0.715,24,51,2.1999999999999997,128,2.0,rf,,,,,,
0.8928571428571429,0.9098229375970788,0.9133333333333333,0.9836666666666667,0.036972901234567895,0.05335185185185186,NATOPS,2,5,5.0,30,120,SMOTE-raw,0.715,24,51,2.1999999999999997,128,2.0,rf,0.7558005649560089,0.09526454799852169,0.6392435772474596,,,
0.9666666666666667,0.9799092928543041,0.98,0.9973333333333333,0.0157079012345679,0.05003703703703703,NATOPS,2,5,5.0,30,120,guide=gpf | walk=aligned,0.715,24,51,2.1999999999999997,128,2.0,rf,0.5327142314488489,0.04680224290299018,0.9462571379973119,0.9375,0.7,0.0
0.9206349206349206,0.9699942726062298,0.97,0.9973333333333334,0.024487530864197533,0.06448148148148147,NATOPS,2,5,5.0,30,120,guide=sig | walk=aligned,0.715,24,51,2.1999999999999997,128,2.0,rf,0.7460607024817127,0.048985751554880164,1.5569189365238272,0.75,0.3,0.0
0.6363636363636364,0.6831300510639732,0.7333333333333334,0.9690000000000001,0.05749407407407407,0.05740740740740741,NATOPS,2,10,10.0,15,135,none,0.715,24,51,2.1999999999999997,128,2.0,rf,,,,,,
0.7777777777777778,0.8282511696339462,0.84,0.985,0.043513086419753086,0.06281481481481482,NATOPS,2,10,10.0,15,135,SMOTE-raw,0.715,24,51,2.1999999999999997,128,2.0,rf,1.4322953898693012,0.11841480666100834,0.5801284997866878,,,
0.9122807017543859,0.927840982544363,0.9299999999999999,0.9967777777777778,0.019217098765432095,0.03264814814814814,NATOPS,2,10,10.0,15,135,guide=gpf | walk=aligned,0.715,24,51,2.1999999999999997,128,2.0,rf,3.518031808787656,0.08775204052265395,7.747409194601518,0.6026785714285714,1.1,0.0
0.9122807017543859,0.927840982544363,0.9299999999999999,0.996,0.017900061728395058,0.04694444444444442,NATOPS,2,10,10.0,15,135,guide=sig | walk=aligned,0.715,24,51,2.1999999999999997,128,2.0,rf,1.1271654744509814,0.04296460809109193,1.575114207467124,0.52734375,0.4,0.0
0.18181818181818182,0.31622776601683794,0.55,0.9382222222222223,0.09146586419753087,0.08335185185185186,NATOPS,2,20,18.8,8,142,none,0.715,24,51,2.4,128,2.0,rf,,,,,,
0.43478260869565216,0.565685424949238,0.6466666666666666,0.9046666666666667,0.09198160493827161,0.042925925925925916,NATOPS,2,20,18.8,8,142,SMOTE-raw,0.715,24,51,2.4,128,2.0,rf,2.6403045698016516,0.13016561338784105,0.45672282534205505,,,
0.8928571428571429,0.9098229375970788,0.9133333333333333,0.9892222222222222,0.029146851851851854,0.06361111111111112,NATOPS,2,20,18.8,8,142,guide=gpf | walk=aligned,0.715,24,51,2.4,128,2.0,rf,3.700573728393765,0.16947789616786835,0.4933245610523293,0.20170454545454544,3.0,0.0
0.8813559322033898,0.9215928240461366,0.9233333333333333,0.9933333333333333,0.03029444444444445,0.07922222222222224,NATOPS,2,20,18.8,8,142,guide=sig | walk=aligned,0.715,24,51,2.4,128,2.0,rf,2.6130223026873605,0.07835617356195512,1.2861896189267894,0.3697916666666667,0.5,0.0
0.7419354838709677,0.8335416406315084,0.8427083333333334,0.9730654761904762,0.04057644628099174,0.030041322314049587,OSULeaf,0,5,5.0,33,133,none,0.647,1,427,1.5999999999999999,128,2.0,rf,,,,,,
0.735632183908046,0.9436504599035548,0.9452380952380952,0.984375,0.0692238751147842,0.123168044077135,OSULeaf,0,5,5.0,33,133,SMOTE-raw,0.647,1,427,1.5999999999999999,128,2.0,rf,1.4240326390635687,0.09372154162299062,0.8716777037807479,,,
0.835820895522388,0.9196919774214263,0.9208333333333334,0.985639880952381,0.037767676767676776,0.05140495867768596,OSULeaf,0,5,5.0,33,133,guide=gpf | walk=aligned,0.647,1,427,1.5999999999999999,128,2.0,rf,3.7333910172774143,0.2510157247927468,0.7737656117439008,0.27708333333333335,5.2,0.0
0.8108108108108109,0.940174755792013,0.9401785714285714,0.9811755952380953,0.056089898989898995,0.10517906336088156,OSULeaf,0,5,5.0,33,133,guide=sig | walk=aligned,0.647,1,427,1.5999999999999999,128,2.0,rf,3.6379685564954976,0.2019449926187198,1.6285475549855413,0.13407258064516128,11.2,0.0
0.7368421052631579,0.8023403267940606,0.8186011904761905,0.973735119047619,0.03998714416896235,0.03757575757575759,OSULeaf,0,10,9.8,17,149,none,0.647,1,427,1.7999999999999998,128,2.0,rf,,,,,,
0.821917808219178,0.9425459443140463,0.9425595238095238,0.9851190476190476,0.05655665748393021,0.10013774104683194,OSULeaf,0,10,9.8,17,149,SMOTE-raw,0.647,1,427,1.7999999999999998,128,2.0,rf,1.537323870215829,0.09834416069168606,0.7847173444125377,,,
0.8285714285714286,0.9313488681937152,0.9316964285714286,0.9820684523809524,0.03784086317722681,0.0497245179063361,OSULeaf,0,10,9.8,17,149,guide=gpf | walk=aligned,0.647,1,427,1.7999999999999998,128,2.0,rf,2.007678382870953,0.10918386336585428,1.7630643509711599,0.04901315789473684,32.8,0.0
0.819672131147541,0.875425066821283,0.8811011904761905,0.9791666666666667,0.039672956841138654,0.054586776859504145,OSULeaf,0,10,9.8,17,149,guide=sig | walk=aligned,0.647,1,427,1.7999999999999998,128,2.0,rf,5.549168392369969,0.29033428416052487,1.316446712773776,0.04901315789473684,34.9,0.0
0.7058823529411765,0.7482121547872826,0.7788690476190476,0.975297619047619,0.04821198347107438,0.045440771349862255,OSULeaf,0,20,20.8,8,158,none,0.647,1,427,1.5999999999999999,128,2.0,rf,,,,,,
0.4,0.5252550400927698,0.6311011904761905,0.9026041666666667,0.07809274563820018,0.025867768595041314,OSULeaf,0,20,20.8,8,158,SMOTE-raw,0.647,1,427,1.5999999999999999,128,2.0,rf,3.8214738000991115,0.23003893813458615,0.7208005210574239,,,
0.6923076923076923,0.7464200272921789,0.7764880952380953,0.9755952380952382,0.04398691460055097,0.04048209366391184,OSULeaf,0,20,20.8,8,158,guide=gpf | walk=aligned,0.647,1,427,1.5999999999999999,128,2.0,rf,12.449015281888903,0.6558153718020191,0.7809463462049975,0.04888613861386139,35.1,0.0
0.5306122448979592,0.6312779932501249,0.6936011904761905,0.9654761904761905,0.060000321395775935,0.056487603305785124,OSULeaf,0,20,20.8,8,158,guide=sig | walk=aligned,0.647,1,427,1.5999999999999999,128,2.0,rf,1.7421476933980333,0.10100095570137513,0.8746583400703353,0.04888613861386139,36.7,0.0
0.7419354838709677,0.8335416406315084,0.8427083333333334,0.971577380952381,0.0402653810835629,0.034600550964187335,OSULeaf,1,5,5.0,33,133,none,0.647,1,427,1.7999999999999998,128,2.0,rf,,,,,,
0.7294117647058823,0.9312689755177636,0.9319940476190476,0.9783482142857143,0.07141354453627181,0.1281955922865014,OSULeaf,1,5,5.0,33,133,SMOTE-raw,0.647,1,427,1.7999999999999998,128,2.0,rf,1.6131483093899224,0.10521472931161235,0.8621650785556778,,,
0.8115942028985508,0.9151502608861564,0.9160714285714286,0.9841517857142857,0.038461845730027554,0.04761707988980716,OSULeaf,1,5,5.0,33,133,guide=gpf | walk=aligned,0.647,1,427,1.7999999999999998,128,2.0,rf,3.782774689288038,0.24366838419239023,1.0533361888325907,0.27708333333333335,5.1,0.0
0.7945205479452054,0.9243723739458496,0.9245535714285714,0.9833333333333334,0.05392566574839302,0.1068457300275482,OSULeaf,1,5,5.0,33,133,guide=sig | walk=aligned,0.647,1,427,1.7999999999999998,128,2.0,rf,3.6739913174054184,0.21330995390803453,1.329556192862964,0.1298828125,11.6,0.0
0.7368421052631579,0.8023403267940606,0.8186011904761905,0.9773065476190476,0.04307685950413223,0.044269972451790644,OSULeaf,1,10,9.8,17,149,none,0.647,1,427,1.7999999999999998,128,2.0,rf,,,,,,
0.7714285714285715,0.8941775950159853,0.8956845238095238,0.9804315476190477,0.052775206611570244,0.09060606060606062,OSULeaf,1,10,9.8,17,149,SMOTE-raw,0.647,1,427,1.7999999999999998,128,2.0,rf,1.6205057117236983,0.10170497291208946,0.809228862248615,,,
0.835820895522388,0.9196919774214263,0.9208333333333334,0.9831845238095238,0.03559247015610652,0.036308539944903594,OSULeaf,1,10,9.8,17,149,guide=gpf | walk=aligned,0.647,1,427,1.7999999999999998,128,2.0,rf,2.8779330703072343,0.16783895930831783,2.3143628287176115,0.05609939759036144,28.6,0.0
0.8709677419354839,0.9119739187999998,0.9147321428571429,0.9920386904761905,0.03363943985307622,0.06753443526170799,OSULeaf,1,10,9.8,17,149,guide=sig | walk=aligned,0.647,1,427,1.7999999999999998,128,2.0,rf,3.5142846071978973,0.18088302551779367,1.9895687791053998,0.04901315789473684,34.5,0.0
0.7407407407407407,0.7867957924694432,0.8077380952380953,0.9796875,0.04315913682277319,0.036942148760330584,OSULeaf,1,20,20.8,8,158,none,0.647,1,427,1.5999999999999999,128,2.0,rf,,,,,,
0.7142857142857143,0.7830039834478737,0.8029761904761905,0.975297619047619,0.059145592286501375,0.12428374655647381,OSULeaf,1,20,20.8,8,158,SMOTE-raw,0.647,1,427,1.5999999999999999,128,2.0,rf,3.115461087160135,0.1768311851172525,0.7268969489067694,,,
0.6530612244897959,0.7054211845550484,0.7476190476190476,0.9820684523809524,0.04482759412304867,0.05128099173553719,OSULeaf,1,20,20.8,8,158,guide=gpf | walk=aligned,0.647,1,427,1.5999999999999999,128,2.0,rf,17.098145162770237,0.7601008353997375,0.46895807704836073,0.04888613861386139,36.2,0.0
0.6545454545454545,0.7410176400445153,0.7693452380952381,0.959375,0.05051960514233242,0.04577134986225895,OSULeaf,1,20,20.8,8,158,guide=sig | walk=aligned,0.647,1,427,1.5999999999999999,128,2.0,rf,1.3231880547822001,0.06056581928889648,0.8671808322585594,0.04888613861386139,38.0,0.0
0.7619047619047619,0.85146931829632,0.8583333333333334,0.9696428571428571,0.03986409550045914,0.03035812672176308,OSULeaf,2,5,5.0,33,133,none,0.647,1,427,1.5999999999999999,128,2.0,rf,,,,,,
0.7045454545454546,0.9238087567498043,0.9248511904761905,0.9758928571428571,0.07102089072543617,0.13406336088154272,OSULeaf,2,5,5.0,33,133,SMOTE-raw,0.647,1,427,1.5999999999999999,128,2.0,rf,1.4929810584044798,0.10111250061671495,0.8325658443763291,,,
0.835820895522388,0.9196919774214263,0.9208333333333334,0.9843005952380952,0.03765174471992654,0.0421900826446281,OSULeaf,2,5,5.0,33,133,guide=gpf | walk=aligned,0.647,1,427,1.5999999999999999,128,2.0,rf,4.3592585039794045,0.2880975831582011,0.6299048548056179,0.31971153846153844,4.6,0.0
0.7792207792207793,0.9330250341152236,0.9330357142857143,0.9835565476190476,0.05366469237832875,0.088168044077135,OSULeaf,2,5,5.0,33,133,guide=sig | walk=aligned,0.647,1,427,1.5999999999999999,128,2.0,rf,2.8048512542594857,0.1599061461092547,1.5401883184102174,0.15393518518518517,9.7,0.0
0.75,0.8042853971072706,0.8209821428571429,0.9695684523809524,0.04107314049586777,0.024889807162534434,OSULeaf,2,10,9.8,17,149,none,0.647,1,427,1.7999999999999998,128,2.0,rf,,,,,,
0.8985507246376812,0.9700883612184142,0.9700892857142858,0.9916666666666668,0.05758406795224977,0.14527548209366395,OSULeaf,2,10,9.8,17,149,SMOTE-raw,0.647,1,427,1.7999999999999998,128,2.0,rf,2.754189576369072,0.16903677987991517,0.6930584828884576,,,
0.8135593220338984,0.8598172563316663,0.8678571428571429,0.9837797619047619,0.0349848025711662,0.03508264462809918,OSULeaf,2,10,9.8,17,149,guide=gpf | walk=aligned,0.647,1,427,1.7999999999999998,128,2.0,rf,5.696842101895518,0.31576252786608566,0.8318856624046593,0.2586805555555556,6.2,0.0
0.8571428571428571,0.9097684163723048,0.9123511904761905,0.986904761904762,0.040517171717171716,0.0874931129476584,OSULeaf,2,10,9.8,17,149,guide=sig | walk=aligned,0.647,1,427,1.7999999999999998,128,2.0,rf,6.373431815459844,0.302244154846403,2.090133774957042,0.04901315789473684,35.4,0.0
0.68,0.7271315136171984,0.7632440476190476,0.9658482142857141,0.05117892561983471,0.05389807162534435,OSULeaf,2,20,20.8,8,158,none,0.647,1,427,1.5999999999999999,128,2.0,rf,,,,,,
0.43902439024390244,0.5303300858899106,0.640625,0.9508184523809524,0.06668471074380165,0.05761707988980715,OSULeaf,2,20,20.8,8,158,SMOTE-raw,0.647,1,427,1.5999999999999999,128,2.0,rf,3.0788621389941735,0.1848803500276024,0.6867560906659087,,,
0.7058823529411765,0.7482121547872826,0.7788690476190476,0.96875,0.04562433425160698,0.0481542699724518,OSULeaf,2,20,20.8,8,158,guide=gpf | walk=aligned,0.647,1,427,1.5999999999999999,128,2.0,rf,5.099824578939053,0.27035870089905056,1.160823144531993,0.04888613861386139,35.4,0.0
0.6382978723404256,0.6846531968814576,0.734375,0.9651041666666668,0.051001790633608816,0.04778236914600552,OSULeaf,2,20,20.8,8,158,guide=sig | walk=aligned,0.647,1,427,1.5999999999999999,128,2.0,rf,9.237199156426552,0.5108889321087533,0.5279561669200304,0.04888613861386139,37.3,0.0
0.5384615384615384,0.6069769786668839,0.6842105263157895,0.9469238975817924,0.2030765185185185,0.25104444444444446,GunPoint,0,5,5.2,5,21,none,0.852,1,150,1.5999999999999999,128,2.0,rf,,,,,,
0.784,0.8029550685469662,0.8223684210526316,0.994576813655761,0.11429703703703704,0.2200444444444445,GunPoint,0,5,5.2,5,21,SMOTE-raw,0.852,1,150,1.5999999999999999,128,2.0,rf,2.5303677048097413,0.24415146426930578,0.5550528893203354,,,
0.7642276422764228,0.7863975156570492,0.8092105263157895,0.9910206258890469,0.11497125925925923,0.2015111111111111,GunPoint,0,5,5.2,5,21,guide=gpf | walk=aligned,0.852,1,150,1.5999999999999999,128,2.0,rf,4.116485951072722,0.3559304817040506,1.1368502197913914,0.65625,0.1,0.0
0.7540983606557377,0.7779866052154991,0.8026315789473684,0.9915540540540541,0.11847081481481482,0.19782222222222223,GunPoint,0,5,5.2,5,21,guide=sig | walk=aligned,0.852,1,150,1.5999999999999999,128,2.0,rf,5.463714444973537,0.3531572970090352,2.268528395889646,0.328125,0.1,0.0
0.5794392523364486,0.6386663736585051,0.7039473684210527,0.972972972972973,0.1697417037037037,0.24295555555555556,GunPoint,0,10,6.5,4,22,none,0.852,1,150,1.5999999999999999,128,2.0,rf,,,,,,
0.9305555555555556,0.9325586943189843,0.9340327169274538,0.9943990042674253,0.06885407407407407,0.17413333333333333,GunPoint,0,10,6.5,4,22,SMOTE-raw,0.852,1,150,1.5999999999999999,128,2.0,rf,1.8611677960502195,0.18021146190388682,0.3836938813914592,,,
0.9142857142857143,0.9176629354822471,0.9210526315789473,0.992798719772404,0.07353044444444444,0.16322222222222224,GunPoint,0,10,6.5,4,22,guide=gpf | walk=aligned,0.852,1,150,1.5999999999999999,128,2.0,rf,7.391449822757673,0.3701377744948357,3.8064069741063524,0.34375,0.1,0.0
0.9142857142857143,0.9176629354822471,0.9210526315789473,0.9884423897581792,0.09493037037037036,0.17933333333333332,GunPoint,0,10,6.5,4,22,guide=sig | walk=aligned,0.852,1,150,1.5999999999999999,128,2.0,rf,14.923483273433705,0.5919380516875429,2.886185562909337,0.34375,0.1,0.0
0.34782608695652173,0.45883146774112354,0.6052631578947368,0.9414118065433854,0.2104777777777778,0.26106666666666667,GunPoint,0,20,6.5,4,22,none,0.852,1,150,1.5999999999999999,128,2.0,rf,,,,,,
0.8676470588235294,0.8751142985701226,0.8814011379800853,0.9932432432432432,0.08106925925925926,0.1844222222222222,GunPoint,0,20,6.5,4,22,SMOTE-raw,0.852,1,150,1.5999999999999999,128,2.0,rf,1.6179317148532686,0.15960539550351316,0.4257663399619612,,,
0.8125,0.8271701918685112,0.8421052631578947,0.9648826458036984,0.12637555555555555,0.1758666666666667,GunPoint,0,20,6.5,4,22,guide=gpf | walk=aligned,0.852,1,150,1.5999999999999999,128,2.0,rf,16.117445551798767,0.5685721962305472,2.726343018737144,0.6875,0.1,0.0
0.784,0.8029550685469662,0.8223684210526316,0.9539473684210527,0.1383571111111111,0.20864444444444444,GunPoint,0,20,6.5,4,22,guide=sig | walk=aligned,0.852,1,150,1.5999999999999999,128,2.0,rf,20.914659955905186,0.7109061242517715,2.230469538204271,0.34375,0.1,0.0
0.5925925925925926,0.6488856845230502,0.7105263157894737,0.9818634423897582,0.17579251851851851,0.2831777777777778,GunPoint,1,5,5.2,5,21,none,0.852,1,150,1.5999999999999999,128,2.0,rf,,,,,,
0.8484848484848485,0.8583950752789521,0.868421052631579,0.9961770981507824,0.08286414814814815,0.1862222222222222,GunPoint,1,5,5.2,5,21,SMOTE-raw,0.852,1,150,1.5999999999999999,128,2.0,rf,2.061266970527017,0.18940322957001943,0.51725531375369,,,
0.7333333333333333,0.7608859102526822,0.7894736842105263,0.9866642958748222,0.11409392592592592,0.2008888888888889,GunPoint,1,5,5.2,5,21,guide=gpf | walk=aligned,0.852,1,150,1.5999999999999999,128,2.0,rf,3.3522767060041776,0.29781794375547554,0.6407186431134501,0.65625,0.1,0.0
0.6306306306306306,0.6786208925382962,0.7302631578947368,0.977151493598862,0.1429685925925926,0.20724444444444445,GunPoint,1,5,5.2,5,21,guide=sig | walk=aligned,0.852,1,150,1.5999999999999999,128,2.0,rf,4.418890919383962,0.3641110981561786,0.7592609288458653,0.65625,0.1,0.0
0.46464646464646464,0.5501196042201808,0.6513157894736842,0.9697724039829303,0.20809829629629634,0.29086666666666666,GunPoint,1,10,6.5,4,22,none,0.852,1,150,1.7999999999999998,128,2.0,rf,,,,,,
0.9594594594594594,0.9599927394225201,0.960348506401138,0.9989331436699858,0.055570148148148146,0.16686666666666666,GunPoint,1,10,6.5,4,22,SMOTE-raw,0.852,1,150,1.7999999999999998,128,2.0,rf,2.485271760064359,0.21467163388739274,0.49180904979775275,,,
0.6181818181818182,0.6688560540599386,0.7236842105263158,0.9927098150782362,0.13014081481481482,0.24637777777777778,GunPoint,1,10,6.5,4,22,guide=gpf | walk=aligned,0.852,1,150,1.7999999999999998,128,2.0,rf,4.863403428283139,0.3655327065987749,1.4693743928711247,0.34375,0.1,0.0
0.6428571428571429,0.6882472016116853,0.7368421052631579,0.992176386913229,0.14745029629629633,0.2514888888888889,GunPoint,1,10,6.5,4,22,guide=sig | walk=aligned,0.852,1,150,1.7999999999999998,128,2.0,rf,33.50092888904178,0.6507057198171279,10.289706089771505,0.34375,0.1,0.0
0.5098039215686274,0.5848976518656018,0.6710526315789473,0.9795519203413939,0.16896985185185187,0.2490888888888889,GunPoint,1,20,6.5,4,22,none,0.852,1,150,1.5999999999999999,128,2.0,rf,,,,,,
0.9523809523809523,0.9532082534239031,0.9537695590327169,0.9979551920341393,0.058220370370370374,0.17073333333333335,GunPoint,1,20,6.5,4,22,SMOTE-raw,0.852,1,150,1.5999999999999999,128,2.0,rf,1.9311489216676918,0.1600194196396707,0.3613857778469105,,,
0.8823529411764706,0.8885233166386386,0.8947368421052632,0.9905761024182076,0.08858355555555555,0.18306666666666666,GunPoint,1,20,6.5,4,22,guide=gpf | walk=aligned,0.852,1,150,1.5999999999999999,128,2.0,rf,4.579981004948285,0.2214408317827482,2.245241580047615,0.34375,0.1,0.0
0.9142857142857143,0.9176629354822471,0.9210526315789473,0.9887091038406828,0.09990022222222222,0.1824222222222222,GunPoint,1,20,6.5,4,22,guide=sig | walk=aligned,0.852,1,150,1.5999999999999999,128,2.0,rf,13.893633423406069,0.546636019897365,2.6062031343889713,0.34375,0.1,0.0
0.6181818181818182,0.6688560540599386,0.7236842105263158,0.8601529160739687,0.2436754814814815,0.2782,GunPoint,2,5,5.2,5,21,none,0.852,1,150,1.5999999999999999,128,2.0,rf,,,,,,
0.6181818181818182,0.6688560540599386,0.7236842105263158,0.9445234708392602,0.184399037037037,0.22144444444444444,GunPoint,2,5,5.2,5,21,SMOTE-raw,0.852,1,150,1.5999999999999999,128,2.0,rf,2.9053573477549444,0.2594159380346093,0.5014371727406514,,,
0.6126126126126126,0.6643213844587705,0.716927453769559,0.9791073968705547,0.14835414814814812,0.2120222222222222,GunPoint,2,5,5.2,5,21,guide=gpf | walk=aligned,0.852,1,150,1.5999999999999999,128,2.0,rf,7.792027050934355,0.4445456483261802,2.1747838134788777,0.65625,0.1,0.0
0.625,0.674020019879027,0.7235064011379801,0.9684388335704124,0.14648414814814817,0.20684444444444444,GunPoint,2,5,5.2,5,21,guide=sig | walk=aligned,0.852,1,150,1.5999999999999999,128,2.0,rf,8.282415957903755,0.466595945255462,2.4270977628978567,0.328125,0.2,0.0
0.4329896907216495,0.5256574830378469,0.6381578947368421,0.9490576102418207,0.22071451851851853,0.2669333333333333,GunPoint,2,10,6.5,4,22,none,0.852,1,150,1.5999999999999999,128,2.0,rf,,,,,,
0.8125,0.8271701918685112,0.8421052631578947,0.9895981507823614,0.11041118518518518,0.1986,GunPoint,2,10,6.5,4,22,SMOTE-raw,0.852,1,150,1.5999999999999999,128,2.0,rf,2.0108058191921483,0.16119552689964578,0.3661128526980513,,,
0.8396946564885496,0.8506963092234007,0.861842105263158,0.97475106685633,0.1144385925925926,0.1699333333333333,GunPoint,2,10,6.5,4,22,guide=gpf | walk=aligned,0.852,1,150,1.5999999999999999,128,2.0,rf,3.8960306236705424,0.26766373959217005,1.6826422354374169,0.22916666666666666,0.2,0.0
0.8507462686567164,0.8601539774161745,0.8682432432432432,0.9695056899004267,0.10541103703703705,0.14491111111111107,GunPoint,2,10,6.5,4,22,guide=sig | walk=aligned,0.852,1,150,1.5999999999999999,128,2.0,rf,1.9837163129610307,0.12890891769073254,2.182304732859916,0.34375,0.1,0.0
0.48,0.5619514869490163,0.6578947368421053,0.738620199146515,0.3036472592592593,0.3463555555555556,GunPoint,2,20,6.5,4,22,none,0.852,1,150,1.5999999999999999,128,2.0,rf,,,,,,
0.5660377358490566,0.6282808624375432,0.6973684210526316,0.8158783783783784,0.2722971851851852,0.30435555555555555,GunPoint,2,20,6.5,4,22,SMOTE-raw,0.852,1,150,1.5999999999999999,128,2.0,rf,5.4152587257210545,0.4823736433173257,0.37460888875368725,,,
0.6181818181818182,0.6688560540599386,0.7236842105263158,0.8549075391180654,0.2429991111111111,0.2847555555555556,GunPoint,2,20,6.5,4,22,guide=gpf | walk=aligned,0.852,1,150,1.5999999999999999,128,2.0,rf,8.695583664407378,0.5240421897550376,2.002777317073702,0.6875,0.1,0.0
0.5794392523364486,0.6386663736585051,0.7039473684210527,0.7875177809388335,0.26949925925925927,0.30040000000000006,GunPoint,2,20,6.5,4,22,guide=sig | walk=aligned,0.852,1,150,1.5999999999999999,128,2.0,rf,13.799353960446881,0.7656313164623212,1.1209219239722106,0.6875,0.1,0.0
0.0,0.0,0.49814126394052044,0.8885190628512147,0.039108431372549025,0.03194901960784313,Handwriting,0,5,14.0,10,130,none,0.218,3,152,1.7999999999999998,128,2.0,rf,,,,,,
0.23728813559322035,0.40121713327689157,0.5758191406587706,0.9034321777470391,0.04138427450980391,0.05623921568627451,Handwriting,0,5,14.0,10,130,SMOTE-raw,0.218,3,152,1.7999999999999998,128,2.0,rf,1.702314575580182,0.1269668236489352,0.5529177433396766,,,
0.4857142857142857,0.624859858643526,0.6914786317397194,0.892812887236679,0.04467635294117648,0.08319607843137254,Handwriting,0,5,14.0,10,130,guide=gpf | walk=aligned,0.218,3,152,1.7999999999999998,128,2.0,rf,2.678650265299238,0.14225235687087967,1.0740985805892898,0.07965686274509803,3.3,0.0
0.32,0.5216833716381969,0.6271433099910665,0.8369787614189793,0.051338,0.08609019607843137,Handwriting,0,5,14.0,10,130,guide=sig | walk=aligned,0.218,3,152,1.7999999999999998,128,2.0,rf,2.778603877854181,0.1425899381965473,0.9380852890898514,0.5078125,0.6,0.0
0.0,0.0,0.49814126394052044,0.8817181061064522,0.03905732026143791,0.029894117647058828,Handwriting,0,10,14.0,10,130,none,0.218,3,152,1.7999999999999998,128,2.0,rf,,,,,,
0.26666666666666666,0.4289191572644989,0.5874470476355148,0.8990374917149362,0.04204362091503268,0.052733333333333327,Handwriting,0,10,14.0,10,130,SMOTE-raw,0.218,3,152,1.7999999999999998,128,2.0,rf,1.7027905587138772,0.12542360215726,0.5382136835923732,,,
0.5070422535211268,0.6429754900182768,0.7031065387164636,0.9056079075530963,0.0464240522875817,0.09270588235294118,Handwriting,0,10,14.0,10,130,guide=gpf | walk=aligned,0.218,3,152,1.7999999999999998,128,2.0,rf,2.4607902650942606,0.1290750984654354,1.0298378776668335,0.07523148148148148,3.6,0.0
0.36923076923076925,0.5249872892202522,0.6333390968559984,0.8533471657877295,0.046961869281045746,0.07082745098039214,Handwriting,0,10,14.0,10,130,guide=sig | walk=aligned,0.218,3,152,1.7999999999999998,128,2.0,rf,2.9414034323574665,0.16195729502357448,0.7850640030074628,0.40625,0.7,0.0
0.043478260869565216,0.15230948337788375,0.5103887496037578,0.7417077317656552,0.04306745098039215,0.01647058823529411,Handwriting,0,20,20.0,7,133,none,0.218,3,152,1.4,128,2.0,rf,,,,,,
0.16393442622950818,0.3382394490613117,0.5500850119593096,0.7437537823117489,0.04979095424836601,0.03004705882352941,Handwriting,0,20,20.0,7,133,SMOTE-raw,0.218,3,152,1.4,128,2.0,rf,2.867020238684951,0.21301988875641387,0.5358293577739759,,,
0.21052631578947367,0.3716875546494899,0.5648108123685196,0.7387683352064782,0.04646397385620915,0.03763137254901961,Handwriting,0,20,20.0,7,133,guide=gpf | walk=aligned,0.218,3,152,1.4,128,2.0,rf,5.786964521697422,0.39544942928341026,0.3787569631715216,0.08658854166666667,3.0,0.0
0.08333333333333333,0.21526430783347517,0.5213970778940088,0.8000057635226652,0.04355126797385621,0.03414901960784314,Handwriting,0,20,20.0,7,133,guide=sig | walk=aligned,0.218,3,152,1.4,128,2.0,rf,3.6373389058492425,0.23604516642465845,0.5977934478819764,0.15393518518518517,1.9,0.0
0.0,0.0,0.49814126394052044,0.8808968041266821,0.039074300653594775,0.033945098039215686,Handwriting,1,5,14.0,10,130,none,0.218,3,152,2.0,128,2.0,rf,,,,,,
0.22950819672131148,0.4007140394949661,0.5745799832857843,0.8976398374686608,0.0431042091503268,0.055513725490196064,Handwriting,1,5,14.0,10,130,SMOTE-raw,0.218,3,152,2.0,128,2.0,rf,1.6460181476999978,0.11919125999374947,0.5821820341756484,,,
0.463768115942029,0.606203105504889,0.6798507247629751,0.8999020201146941,0.049327712418300654,0.10189803921568626,Handwriting,1,5,14.0,10,130,guide=gpf | walk=aligned,0.218,3,152,2.0,128,2.0,rf,2.8352527235905214,0.1328297671043729,1.3129220900444285,0.08643617021276596,2.9,0.0
0.37681159420289856,0.5453947237949586,0.643108267773263,0.8614016887121408,0.05024896732026144,0.08753725490196079,Handwriting,1,5,14.0,10,130,guide=sig | walk=aligned,0.218,3,152,2.0,128,2.0,rf,2.5302541011164017,0.128934148457312,1.0424273843694556,0.40625,0.7,0.0
0.0,0.0,0.49876084262701365,0.8895420881242615,0.03912569934640523,0.0267843137254902,Handwriting,1,10,14.0,10,130,none,0.218,3,152,2.0,128,2.0,rf,,,,,,
0.3076923076923077,0.47864394484402706,0.6088441255295236,0.8940808622229907,0.042907398692810454,0.061466666666666656,Handwriting,1,10,14.0,10,130,SMOTE-raw,0.218,3,152,2.0,128,2.0,rf,1.5266326723573815,0.11004620504385398,0.5968526383181506,,,
0.4444444444444444,0.6050611206185363,0.6779919887034955,0.8908244719172358,0.0490513725490196,0.09736470588235294,Handwriting,1,10,14.0,10,130,guide=gpf | walk=aligned,0.218,3,152,2.0,128,2.0,rf,2.6917568600388453,0.12243730567683342,1.371259949014609,0.08290816326530612,3.3,0.0
0.2898550724637681,0.47743829067518395,0.6063658107835509,0.8546439583873664,0.05048070588235294,0.08446274509803921,Handwriting,1,10,14.0,10,130,guide=sig | walk=aligned,0.218,3,152,2.0,128,2.0,rf,2.9936427873847116,0.15388808907422957,0.9851211039779767,0.3385416666666667,0.9,0.0
0.0,0.0,0.4993804213135068,0.8466470706896054,0.041491581699346414,0.015905882352941176,Handwriting,1,20,20.0,7,133,none,0.218,3,152,1.7999999999999998,128,2.0,rf,,,,,,
0.1509433962264151,0.3038612069582874,0.5427941557880176,0.8500187314486614,0.04459397385620916,0.04336862745098039,Handwriting,1,20,20.0,7,133,SMOTE-raw,0.218,3,152,1.7999999999999998,128,2.0,rf,2.575891067969083,0.19285090977404407,0.48616775001211593,,,
0.2641509433962264,0.402722643756951,0.5795366127777297,0.878951615227227,0.04222231372549019,0.05590980392156863,Handwriting,1,20,20.0,7,133,guide=gpf | walk=aligned,0.218,3,152,1.7999999999999998,128,2.0,rf,2.784799083551299,0.15310584245481274,0.882944676317225,0.1154513888888889,2.3,0.0
0.0425531914893617,0.15221485181647873,0.5097691709172646,0.827079911241751,0.04387120261437909,0.03827058823529411,Handwriting,1,20,20.0,7,133,guide=sig | walk=aligned,0.218,3,152,1.7999999999999998,128,2.0,rf,3.171031870418732,0.18189621195597072,0.8994380194404032,0.24448529411764705,1.3,0.0
0.0,0.0,0.49814126394052044,0.8896573585775626,0.039168810457516336,0.029490196078431372,Handwriting,2,5,14.0,10,130,none,0.218,3,152,1.7999999999999998,128,2.0,rf,,,,,,
0.3125,0.4789448841663356,0.6094637042160168,0.8872654966715657,0.04465858823529412,0.061043137254901944,Handwriting,2,5,14.0,10,130,SMOTE-raw,0.218,3,152,1.7999999999999998,128,2.0,rf,1.79431517425221,0.13271294446334636,0.5316339324120649,,,
0.4931506849315068,0.6421682386139427,0.7018673813434771,0.9051756433532175,0.045870666666666664,0.0911137254901961,Handwriting,2,5,14.0,10,130,guide=gpf | walk=aligned,0.218,3,152,1.7999999999999998,128,2.0,rf,2.5608984317853434,0.1337204878575451,1.1364683758520382,0.08125,3.3,0.0
0.3684210526315789,0.5638403233224074,0.6510187026310481,0.8512578888216478,0.05046155555555555,0.08913333333333333,Handwriting,2,5,14.0,10,130,guide=sig | walk=aligned,0.218,3,152,1.7999999999999998,128,2.0,rf,2.7518123158083156,0.143806561336823,0.9333755170365736,0.4513888888888889,0.7,0.0
0.0,0.0,0.49814126394052044,0.8842972824990635,0.039962156862745096,0.02710196078431372,Handwriting,2,10,14.0,10,130,none,0.218,3,152,1.7999999999999998,128,2.0,rf,,,,,,
0.2222222222222222,0.4002103132876757,0.5733408259127979,0.8955361516959166,0.043421320261437905,0.05588627450980392,Handwriting,2,10,14.0,10,130,SMOTE-raw,0.218,3,152,1.7999999999999998,128,2.0,rf,1.851792809378198,0.13652337861008856,0.5223980964923115,,,
0.4935064935064935,0.6585191305638575,0.7116365522607417,0.8956946485692056,0.04645397385620915,0.08765098039215687,Handwriting,2,10,14.0,10,130,guide=gpf | walk=aligned,0.218,3,152,1.7999999999999998,128,2.0,rf,2.3915132577588487,0.13518662348053012,0.9393923902216217,0.07665094339622641,3.4,0.0
0.3287671232876712,0.5223458269801754,0.6283824673640529,0.8466326618829428,0.04987911111111111,0.08309803921568629,Handwriting,2,10,14.0,10,130,guide=sig | walk=aligned,0.218,3,152,1.7999999999999998,128,2.0,rf,2.631006743265278,0.13850999661262808,0.9416064142783342,0.40625,0.8,0.0
0.0,0.0,0.5,0.8855076222587246,0.04040858823529412,0.01823921568627451,Handwriting,2,20,20.0,7,133,none,0.218,3,152,1.5999999999999999,128,2.0,rf,,,,,,
0.25925925925925924,0.40247211642710257,0.5789170340912365,0.8687645889167459,0.04026013071895424,0.01960784313725491,Handwriting,2,20,20.0,7,133,SMOTE-raw,0.218,3,152,1.5999999999999999,128,2.0,rf,2.393232553146527,0.199198964637063,0.5252281098492445,,,
0.3137254901960784,0.43133109281375365,0.5930232558139534,0.8815019740065129,0.04116124183006536,0.052396078431372554,Handwriting,2,20,20.0,7,133,guide=gpf | walk=aligned,0.218,3,152,1.5999999999999999,128,2.0,rf,3.24791616774635,0.22534293014621987,0.6839244642177238,0.04889705882352941,5.4,0.0
0.0784313725490196,0.21486231997973393,0.5195383418345293,0.8153799602316936,0.0436100522875817,0.04100784313725489,Handwriting,2,20,20.0,7,133,guide=sig | walk=aligned,0.218,3,152,1.5999999999999999,128,2.0,rf,3.114152550106011,0.16352332569955685,1.4092270544860592,0.31971153846153844,0.9,0.0
0.5283018867924528,0.6640447060147828,0.7140070415834047,0.9296793224854887,0.05010564564564564,0.046900900900900905,JapaneseVowels,0,5,8.0,30,210,none,0.85,12,29,2.0,128,2.0,rf,,,,,,
0.5274725274725275,0.8318523332362486,0.833999429060805,0.9145970120848796,0.08123483483483482,0.1437837837837838,JapaneseVowels,0,5,8.0,30,210,SMOTE-raw,0.85,12,29,2.0,128,2.0,rf,2.3874449582208364,0.07840545219020156,0.5731712619834602,,,
0.5263157894736842,0.7730349436310124,0.7857074888191073,0.9174041297935103,0.06562864864864865,0.0838018018018018,JapaneseVowels,0,5,8.0,30,210,guide=gpf | walk=aligned,0.85,12,29,2.0,128,2.0,rf,12.215940047780553,0.16949787087251378,5.174380404556763,0.328125,0.8,0.0
0.6329113924050633,0.8670274544200149,0.8693025026168046,0.9377200494813969,0.07027114114114114,0.12568468468468472,JapaneseVowels,0,5,8.0,30,210,guide=sig | walk=aligned,0.85,12,29,2.0,128,2.0,rf,4.238732024675624,0.06517704207654784,3.717056824216592,0.3125,0.3,0.0
0.391304347826087,0.5340263363265708,0.6363117328004567,0.9099819202588257,0.05389339339339339,0.042558558558558564,JapaneseVowels,0,10,10.0,24,216,none,0.85,12,29,2.1999999999999997,128,2.0,rf,,,,,,
0.5287356321839081,0.8183591361416681,0.8222951755638024,0.9233038348082596,0.08529123123123124,0.14850450450450453,JapaneseVowels,0,10,10.0,24,216,SMOTE-raw,0.85,12,29,2.1999999999999997,128,2.0,rf,2.634956738393573,0.08809371299747037,0.5391894977909328,,,
0.5454545454545454,0.7426488149499467,0.7652488343324769,0.9206870301646207,0.060315945945945935,0.06316216216216217,JapaneseVowels,0,10,10.0,24,216,guide=gpf | walk=aligned,0.85,12,29,2.1999999999999997,128,2.0,rf,23.429688705615337,0.24296275214980223,7.631845922938217,0.421875,0.6,0.0
0.6,0.8009058531158568,0.8121610048529831,0.9338662099153107,0.0685524024024024,0.10990090090090093,JapaneseVowels,0,10,10.0,24,216,guide=sig | walk=aligned,0.85,12,29,2.1999999999999997,128,2.0,rf,10.146730956519281,0.10825136691386184,7.075693181960868,0.3068181818181818,0.3,0.0
0.17142857142857143,0.31062634136676054,0.5469121705205062,0.8936149966695214,0.05866267267267268,0.016387387387387386,JapaneseVowels,0,20,20.0,12,228,none,0.85,12,29,2.0,128,2.0,rf,,,,,,
0.3673469387755102,0.53161536989913,0.6318869540393948,0.8977067275668476,0.06185786786786787,0.04044144144144145,JapaneseVowels,0,20,20.0,12,228,SMOTE-raw,0.85,12,29,2.0,128,2.0,rf,3.665192218429585,0.1068407974607325,0.46637982876211453,,,
0.5,0.6610285903207433,0.7095822628223427,0.8987534494243029,0.05684543543543544,0.03635135135135136,JapaneseVowels,0,20,20.0,12,228,guide=gpf | walk=aligned,0.85,12,29,2.0,128,2.0,rf,26.787111474422264,0.2763089389153738,4.612548127560365,0.35625,0.7,0.0
0.46153846153846156,0.6138565538332104,0.6802740508135883,0.9180702255209819,0.05460336336336336,0.035549549549549565,JapaneseVowels,0,20,20.0,12,228,guide=sig | walk=aligned,0.85,12,29,2.0,128,2.0,rf,19.394140180692677,0.14687183200590315,8.23477964668483,0.3958333333333333,0.3,0.0
0.47058823529411764,0.6147859359760408,0.6817489770672757,0.9223522694833001,0.05083279279279279,0.05356756756756757,JapaneseVowels,1,5,8.0,30,210,none,0.85,12,29,2.0,128,2.0,rf,,,,,,
0.5217391304347826,0.8304785051587356,0.8325245028071178,0.9161195166048149,0.08203885885885887,0.14162162162162162,JapaneseVowels,1,5,8.0,30,210,SMOTE-raw,0.85,12,29,2.0,128,2.0,rf,2.390082772684366,0.07955486729375438,0.5890117659859292,,,
0.5833333333333334,0.7984069208056805,0.8092111523456085,0.9146921686173755,0.06518219219219219,0.08609909909909912,JapaneseVowels,1,5,8.0,30,210,guide=gpf | walk=aligned,0.85,12,29,2.0,128,2.0,rf,12.354332179443507,0.16990368948462165,5.5780652531367,0.3125,0.7,0.0
0.5952380952380952,0.86014070950982,0.861927871348368,0.9301075268817204,0.0745506906906907,0.13690090090090093,JapaneseVowels,1,5,8.0,30,210,guide=sig | walk=aligned,0.85,12,29,2.0,128,2.0,rf,2.839460470929925,0.04715015797700617,3.663718913068853,0.328125,0.3,0.0
0.4782608695652174,0.5921586124068426,0.6715196498239604,0.9220192216195644,0.049200870870870876,0.02997297297297298,JapaneseVowels,1,10,10.0,24,216,none,0.85,12,29,2.0,128,2.0,rf,,,,,,
0.5507246376811594,0.7606258722758591,0.7784280140831668,0.9107907507850415,0.06713396396396397,0.1026936936936937,JapaneseVowels,1,10,10.0,24,216,SMOTE-raw,0.85,12,29,2.0,128,2.0,rf,2.9487696378529975,0.10600169895273148,0.47167179745541044,,,
0.5538461538461539,0.7438011024000216,0.7667237605861643,0.9219240650870684,0.058765315315315314,0.06617117117117118,JapaneseVowels,1,10,10.0,24,216,guide=gpf | walk=aligned,0.85,12,29,2.0,128,2.0,rf,17.139159020324335,0.19771682180663763,12.932611616592641,0.3068181818181818,0.8,0.0
0.6197183098591549,0.8197532753740239,0.8282900371110478,0.924636026263203,0.06847165165165166,0.11077477477477476,JapaneseVowels,1,10,10.0,24,216,guide=sig | walk=aligned,0.85,12,29,2.0,128,2.0,rf,4.190699342816238,0.043520171385343476,6.420373748876798,0.32142857142857145,0.3,0.0
0.17647058823529413,0.3110855084191276,0.5483870967741935,0.9102673898563137,0.053680450450450466,0.03761261261261261,JapaneseVowels,1,20,20.0,12,228,none,0.85,12,29,2.0,128,2.0,rf,,,,,,
0.45454545454545453,0.5654431440794129,0.6568655438195832,0.8823389475687506,0.053721291291291294,0.040117117117117115,JapaneseVowels,1,20,20.0,12,228,SMOTE-raw,0.85,12,29,2.0,128,2.0,rf,3.063738195286941,0.07634413481804359,0.5531756092701201,,,
0.4444444444444444,0.5646010838295052,0.6553906175658959,0.9145970120848796,0.04930810810810811,0.022180180180180184,JapaneseVowels,1,20,20.0,12,228,guide=gpf | walk=aligned,0.85,12,29,2.0,128,2.0,rf,53.03742342587009,0.4546557278145562,5.375891852849559,0.285,0.9,0.0
0.5263157894736842,0.6842295958814576,0.7257112950804072,0.9146921686173756,0.0536809009009009,0.04872072072072073,JapaneseVowels,1,20,20.0,12,228,guide=sig | walk=aligned,0.85,12,29,2.0,128,2.0,rf,15.217255535666212,0.1567681835301139,9.141595233532922,0.41911764705882354,0.3,0.0
0.5,0.6398894899356435,0.6978780093253402,0.9190217908459416,0.05074081081081081,0.04611711711711711,JapaneseVowels,2,5,8.0,30,210,none,0.85,12,29,2.0,128,2.0,rf,,,,,,
0.5168539325842697,0.8156803756446046,0.8193453230564278,0.9207346084308687,0.07859048048048048,0.13761261261261262,JapaneseVowels,2,5,8.0,30,210,SMOTE-raw,0.85,12,29,2.0,128,2.0,rf,2.4565632535302697,0.08246574495563241,0.505101152157761,,,
0.5675675675675675,0.795900142496267,0.8062612998382339,0.9171186601960224,0.06471726726726727,0.0842972972972973,JapaneseVowels,2,5,8.0,30,210,guide=gpf | walk=aligned,0.85,12,29,2.0,128,2.0,rf,10.896032563605257,0.15622295509202133,5.285831644451069,0.3645833333333333,0.6,0.0
0.6666666666666666,0.901041361567545,0.9015605671329336,0.935483870967742,0.07324282282282282,0.13845045045045046,JapaneseVowels,2,5,8.0,30,210,guide=sig | walk=aligned,0.85,12,29,2.0,128,2.0,rf,4.048751861612171,0.05887750981788309,4.381391142724295,0.3125,0.3,0.0
0.425531914893617,0.5629131844356934,0.6524407650585212,0.9190217908459415,0.05051414414414415,0.035414414414414425,JapaneseVowels,2,10,10.0,24,216,none,0.85,12,29,2.0,128,2.0,rf,,,,,,
0.5287356321839081,0.8183591361416681,0.8222951755638024,0.9040822152440765,0.07677843843843844,0.12437837837837838,JapaneseVowels,2,10,10.0,24,216,SMOTE-raw,0.85,12,29,2.0,128,2.0,rf,2.9080699245805413,0.09645243381738366,0.48910951826634824,,,
0.5625,0.7449516074997184,0.7681986868398516,0.9154534208773433,0.05819012012012012,0.0593063063063063,JapaneseVowels,2,10,10.0,24,216,guide=gpf | walk=aligned,0.85,12,29,2.0,128,2.0,rf,17.022563294925074,0.2056212419593776,7.293950609007664,0.32142857142857145,0.8,0.0
0.547945205479452,0.7767190071218548,0.7901322675801694,0.9144066990198877,0.06859174174174174,0.11409909909909907,JapaneseVowels,2,10,10.0,24,216,guide=sig | walk=aligned,0.85,12,29,2.0,128,2.0,rf,3.260540213650689,0.04581141066361982,3.511025682090328,0.3068181818181818,0.3,0.0
0.0625,0.1796053020267749,0.5161290322580645,0.9141688076886478,0.056458348348348356,0.027270270270270278,JapaneseVowels,2,20,20.0,12,228,none,0.85,12,29,1.7999999999999998,128,2.0,rf,,,,,,
0.45454545454545453,0.6747770061236147,0.7124369587972215,0.900846893139214,0.07255966966966967,0.10193693693693696,JapaneseVowels,2,20,20.0,12,228,SMOTE-raw,0.85,12,29,1.7999999999999998,128,2.0,rf,2.671907978925457,0.08275813588584824,0.43615735918563725,,,
0.47058823529411764,0.6147859359760408,0.6817489770672757,0.9145970120848796,0.051886426426426435,0.03248648648648649,JapaneseVowels,2,20,20.0,12,228,guide=gpf | walk=aligned,0.85,12,29,1.7999999999999998,128,2.0,rf,28.21086703616155,0.32545013497577924,3.886678512649655,0.19791666666666666,1.2,0.0
0.46153846153846156,0.6138565538332104,0.6802740508135883,0.9067941764202112,0.056706546546546555,0.03246846846846847,JapaneseVowels,2,20,20.0,12,228,guide=sig | walk=aligned,0.85,12,29,1.7999999999999998,128,2.0,rf,36.358686226625665,0.4300794550197711,3.7821744436722673,0.05277777777777778,1.9,0.0
0.20408163265306123,0.3394293583514246,0.5535523789204182,0.8609985065073608,0.16011381578947367,0.12265350877192982,RacketSports,0,5,4.9,22,86,none,0.138,6,30,2.1999999999999997,128,2.0,rf,,,,,,
0.4307692307692308,0.5492590582970841,0.6260934499679967,0.8521442287177299,0.14778019005847956,0.08401315789473686,RacketSports,0,5,4.9,22,86,SMOTE-raw,0.138,6,30,2.1999999999999997,128,2.0,rf,1.7104326918287178,0.07832330692765033,0.39382040345628366,,,
0.5822784810126582,0.6863601457155177,0.7078088329421806,0.8397695754213782,0.14812960526315788,0.08896929824561402,RacketSports,0,5,4.9,22,86,guide=gpf | walk=aligned,0.138,6,30,2.1999999999999997,128,2.0,rf,2.868820553508268,0.07737657228788775,1.64340446444368,0.20673076923076922,0.3,0.0
0.6097560975609756,0.7118431827842892,0.7264774909323661,0.8671858331555365,0.13876038011695907,0.0860526315789474,RacketSports,0,5,4.9,22,86,guide=sig | walk=aligned,0.138,6,30,2.1999999999999997,128,2.0,rf,2.190969227268784,0.05407543634053802,2.689301010890899,0.3359375,0.2,0.0
0.0,0.0,0.5,0.7953915084275656,0.2009587719298246,0.17293859649122806,RacketSports,0,10,9.8,11,97,none,0.138,6,30,1.7999999999999998,128,2.0,rf,,,,,,
0.3157894736842105,0.4468795156103679,0.5817153829741839,0.8138468103264348,0.1683826754385965,0.09322368421052632,RacketSports,0,10,9.8,11,97,SMOTE-raw,0.138,6,30,1.7999999999999998,128,2.0,rf,2.642731444819894,0.11577255973359823,0.4970721332592929,,,
0.2909090909090909,0.4233427886545157,0.5746746319607425,0.728504373799872,0.18441052631578947,0.11592105263157894,RacketSports,0,10,9.8,11,97,guide=gpf | walk=aligned,0.138,6,30,1.7999999999999998,128,2.0,rf,6.8217397419112835,0.19110381134522325,1.435424633931727,0.0947265625,0.7,0.0
0.4126984126984127,0.5318930128188899,0.6190526989545552,0.7688286750586729,0.1744623538011696,0.13252192982456137,RacketSports,0,10,9.8,11,97,guide=sig | walk=aligned,0.138,6,30,1.7999999999999998,128,2.0,rf,5.090484588663074,0.13977683254334128,1.6465909069253386,0.37890625,0.2,0.0
0.0,0.0,0.5,0.7351184126306806,0.24711308479532165,0.23782894736842106,RacketSports,0,20,21.6,5,103,none,0.138,6,30,1.4,128,2.0,rf,,,,,,
0.0851063829787234,0.21367780310952075,0.5140815020268829,0.7084489012161297,0.20850533625730994,0.15524122807017543,RacketSports,0,20,21.6,5,103,SMOTE-raw,0.138,6,30,1.4,128,2.0,rf,5.718397452520042,0.1549659132640524,0.40332701808765997,,,
0.1702127659574468,0.30499714066520933,0.5465116279069767,0.734798378493706,0.22299700292397662,0.21291666666666667,RacketSports,0,20,21.6,5,103,guide=gpf | walk=aligned,0.138,6,30,1.4,128,2.0,rf,28.76759455417222,0.5048089644743868,0.7054947129825608,0.04876893939393939,1.2,0.0
0.0,0.0,0.5,0.7072754427138895,0.2298654970760234,0.20184210526315785,RacketSports,0,20,21.6,5,103,guide=sig | walk=aligned,0.138,6,30,1.4,128,2.0,rf,6.27160695230903,0.2504437243727323,0.15139783019362688,0.04876893939393939,1.2,0.0
0.33962264150943394,0.45539227129975285,0.6000640068273949,0.8416897802432259,0.16090051169590644,0.1281359649122807,RacketSports,1,5,4.9,22,86,none,0.138,6,30,2.0,128,2.0,rf,,,,,,
0.4307692307692308,0.5492590582970841,0.6260934499679967,0.863772135694474,0.1423819444444444,0.08646929824561403,RacketSports,1,5,4.9,22,86,SMOTE-raw,0.138,6,30,2.0,128,2.0,rf,1.5594202456688215,0.09232235157628732,0.45590424352238595,,,
0.6428571428571429,0.7397691357623567,0.7497333048858545,0.8784937059953062,0.13719641812865496,0.12831140350877196,RacketSports,1,5,4.9,22,86,guide=gpf | walk=aligned,0.138,6,30,2.0,128,2.0,rf,1.3396509349798755,0.04841292012727083,1.6210606547847537,0.24431818181818182,0.2,0.0
0.6585365853658537,0.7475156206780366,0.75890761681246,0.8835075741412417,0.13806630116959065,0.11559210526315788,RacketSports,1,5,4.9,22,86,guide=sig | walk=aligned,0.138,6,30,2.0,128,2.0,rf,0.9869920097067642,0.05928782556368739,0.7220371683223314,0.5375,0.1,0.0
0.0,0.0,0.5,0.7749093236611905,0.21677602339181287,0.19421052631578947,RacketSports,1,10,9.8,11,97,none,0.138,6,30,2.0,128,2.0,rf,,,,,,
0.2222222222222222,0.36487559658250374,0.5468316620439514,0.7994452741625774,0.1742407894736842,0.12679824561403508,RacketSports,1,10,9.8,11,97,SMOTE-raw,0.138,6,30,2.0,128,2.0,rf,1.9398984985663947,0.08893642963204185,0.41790658682702914,,,
0.2711864406779661,0.41520082102960365,0.5563260081075314,0.7387454661830595,0.18495029239766084,0.11043859649122807,RacketSports,1,10,9.8,11,97,guide=gpf | walk=aligned,0.138,6,30,2.0,128,2.0,rf,11.625496537253115,0.2763492048460333,2.968695434790546,0.04811507936507937,1.3,0.0
0.3389830508474576,0.46878222455197605,0.5887561339876254,0.7524002560273095,0.17711827485380116,0.0857017543859649,RacketSports,1,10,9.8,11,97,guide=sig | walk=aligned,0.138,6,30,2.0,128,2.0,rf,5.418917637893889,0.1710314714139265,1.4597851715634513,0.1684027777777778,0.3,0.0
0.1702127659574468,0.30499714066520933,0.5465116279069767,0.7553872413057392,0.21695540935672517,0.20052631578947366,RacketSports,1,20,21.6,5,103,none,0.138,6,30,1.5999999999999999,128,2.0,rf,,,,,,
0.08888888888888889,0.21566554640687682,0.5232558139534884,0.8358224877320248,0.19786827485380115,0.1906578947368421,RacketSports,1,20,21.6,5,103,SMOTE-raw,0.138,6,30,1.5999999999999999,128,2.0,rf,4.155292758731598,0.18926180037791285,0.39753820507003124,,,
0.28,0.4034732923929645,0.5813953488372093,0.8228077661617239,0.1669186403508772,0.1319078947368421,RacketSports,1,20,21.6,5,103,guide=gpf | walk=aligned,0.138,6,30,1.5999999999999999,128,2.0,rf,8.376642890558486,0.25440076629162334,0.9853652149793495,0.064375,0.9,0.0
0.28,0.4034732923929645,0.5813953488372093,0.8140601664177513,0.1580358918128655,0.08142543859649125,RacketSports,1,20,21.6,5,103,guide=sig | walk=aligned,0.138,6,30,1.5999999999999999,128,2.0,rf,2.6207478422102355,0.09318619240912407,0.888403042193872,0.16940789473684212,0.3,0.0
0.4074074074074074,0.5057805388588732,0.627906976744186,0.8636654576488159,0.14198260233918128,0.09030701754385964,RacketSports,2,5,4.9,22,86,none,0.138,6,30,2.0,128,2.0,rf,,,,,,
0.6388888888888888,0.7109434438326078,0.7399189246852997,0.9131640708342224,0.11577931286549706,0.11725877192982458,RacketSports,2,5,4.9,22,86,SMOTE-raw,0.138,6,30,2.0,128,2.0,rf,1.9726610301032572,0.0875158080611168,0.5159075080573636,,,
0.7619047619047619,0.8262805166603547,0.8308086195860892,0.8887347983784938,0.12103048245614036,0.11475877192982456,RacketSports,2,5,4.9,22,86,guide=gpf | walk=aligned,0.138,6,30,2.0,128,2.0,rf,1.361764137404105,0.033370886502746666,0.9172964287031055,0.22395833333333334,0.3,0.0
0.8045977011494253,0.8641448487420524,0.8656923405163217,0.9123106464689567,0.11801249999999999,0.1500657894736842,RacketSports,2,5,4.9,22,86,guide=sig | walk=aligned,0.138,6,30,2.0,128,2.0,rf,1.0223630152405399,0.027404528720719412,1.0080661615225275,0.3359375,0.2,0.0
0.0,0.0,0.5,0.8010454448474504,0.2097360380116959,0.18734649122807012,RacketSports,2,10,9.8,11,97,none,0.138,6,30,2.1999999999999997,128,2.0,rf,,,,,,
0.23529411764705882,0.370100811435389,0.5605931299338596,0.8227010881160658,0.16276783625730995,0.09377192982456141,RacketSports,2,10,9.8,11,97,SMOTE-raw,0.138,6,30,2.1999999999999997,128,2.0,rf,2.5870270043347006,0.11459592550791087,0.36888074543167426,,,
0.25925925925925924,0.39600091807666205,0.5630467249839983,0.734798378493706,0.19077799707602336,0.11866228070175439,RacketSports,2,10,9.8,11,97,guide=gpf | walk=aligned,0.138,6,30,2.1999999999999997,128,2.0,rf,9.958829963467153,0.24919516583035894,1.5596978785748772,0.21651785714285715,0.3,0.0
0.38095238095238093,0.508515076153584,0.6028376360145082,0.7630680605931299,0.17292288011695905,0.07861842105263157,RacketSports,2,10,9.8,11,97,guide=sig | walk=aligned,0.138,6,30,2.1999999999999997,128,2.0,rf,5.606369823400101,0.1369869671787981,2.0082264492749418,0.303125,0.2,0.0
0.0,0.0,0.5,0.7674418604651162,0.23935986842105264,0.23396929824561405,RacketSports,2,20,21.6,5,103,none,0.138,6,30,1.5999999999999999,128,2.0,rf,,,,,,
0.125,0.2617007934886073,0.5257094090036271,0.8230211222530404,0.20120277777777776,0.17798245614035088,RacketSports,2,20,21.6,5,103,SMOTE-raw,0.138,6,30,1.5999999999999999,128,2.0,rf,3.9016378762742683,0.17367746895897673,0.32114868336723335,,,
0.08333333333333333,0.21267696480596646,0.5094943460635801,0.7706422018348623,0.22301630116959065,0.20164473684210527,RacketSports,2,20,21.6,5,103,guide=gpf | walk=aligned,0.138,6,30,1.5999999999999999,128,2.0,rf,6.97109738537311,0.3148167256478719,0.18265598719161877,0.04876893939393939,1.2,0.0
0.0,0.0,0.4954128440366973,0.7186899935993172,0.2280287280701754,0.2144078947368421,RacketSports,2,20,21.6,5,103,guide=sig | walk=aligned,0.138,6,30,1.5999999999999999,128,2.0,rf,6.750604085592382,0.2789572089414969,0.2880117404631343,0.04876893939393939,1.2,0.0
