f1,gmean,bacc,auc,brier,ece,dataset,seed,IR,IR_actual,n_min,n_syn,method,H,n_channels,length,M,n_select,tau,clf,energy_syn,mmd_syn,disp_ratio,accept,secs,guard
0.7368421052631579,0.7637626158259734,0.7916666666666667,0.9952256944444444,0.011251185185185185,0.018999999999999996,ArticularyWordRecognition,0,5,24.0,11,253,none,0.53,9,144,2.0,32,2.0,rf,,,,,,
0.8,0.816496580927726,0.8333333333333333,0.9988425925925926,0.007607777777777779,0.012288888888888889,ArticularyWordRecognition,0,5,24.0,11,253,SMOTE-raw,0.53,9,144,2.0,32,2.0,rf,1.4588065939443782,0.2120737668333968,0.43141392935599693,,,
0.9565217391304348,0.9574271077563381,0.9583333333333333,0.9924768518518519,0.004913407407407408,0.012155555555555557,ArticularyWordRecognition,0,5,24.0,11,253,guide=gpf | walk=aligned,0.53,9,144,2.0,32,2.0,rf,1.7136640271638726,0.14016252766061144,1.383669964095171,0.8784722222222222,2.9,0.0
0.9565217391304348,0.9574271077563381,0.9583333333333333,0.9992766203703705,0.004004555555555556,0.014499999999999999,ArticularyWordRecognition,0,5,24.0,11,253,guide=sig | walk=aligned,0.53,9,144,2.0,32,2.0,rf,1.0054808246916345,0.10953372989133314,1.0796617256637677,0.790625,3.7,0.0
0.7368421052631579,0.7637626158259734,0.7916666666666667,0.9968171296296297,0.011319962962962962,0.018344444444444444,ArticularyWordRecognition,0,10,24.0,11,253,none,0.53,9,144,2.0,32,2.0,rf,,,,,,
0.8,0.816496580927726,0.8333333333333333,0.9988425925925927,0.007146555555555555,0.011522222222222224,ArticularyWordRecognition,0,10,24.0,11,253,SMOTE-raw,0.53,9,144,2.0,32,2.0,rf,1.4073638467698881,0.22484767905969494,0.3765398650794117,,,
0.9565217391304348,0.9574271077563381,0.9583333333333333,0.9933449074074074,0.005021222222222224,0.012433333333333333,ArticularyWordRecognition,0,10,24.0,11,253,guide=gpf | walk=aligned,0.53,9,144,2.0,32,2.0,rf,1.7505341716386287,0.14934290573851827,1.3733943862578977,0.8784722222222222,2.4,0.0
0.9565217391304348,0.9574271077563381,0.9583333333333333,0.9992766203703705,0.004116296296296297,0.01751111111111111,ArticularyWordRecognition,0,10,24.0,11,253,guide=sig | walk=aligned,0.53,9,144,2.0,32,2.0,rf,0.9935106248526351,0.10667883847142401,1.1302994497958543,0.790625,4.0,0.0
0.7368421052631579,0.7637626158259734,0.7916666666666667,0.9929108796296298,0.01170351851851852,0.01856666666666667,ArticularyWordRecognition,0,20,24.0,11,253,none,0.53,9,144,2.0,32,2.0,rf,,,,,,
0.8,0.816496580927726,0.8333333333333333,0.9986979166666666,0.007793296296296298,0.011899999999999999,ArticularyWordRecognition,0,20,24.0,11,253,SMOTE-raw,0.53,9,144,2.0,32,2.0,rf,1.3352686313314521,0.20299428054038082,0.42593834768526556,,,
0.9565217391304348,0.9574271077563381,0.9583333333333333,0.9917534722222222,0.004973703703703704,0.011600000000000001,ArticularyWordRecognition,0,20,24.0,11,253,guide=gpf | walk=aligned,0.53,9,144,2.0,32,2.0,rf,1.813041753998518,0.15646150221318322,1.2764702473094083,0.8784722222222222,2.4,0.0
0.9565217391304348,0.9574271077563381,0.9583333333333333,0.9994212962962963,0.004055185185185186,0.015266666666666666,ArticularyWordRecognition,0,20,24.0,11,253,guide=sig | walk=aligned,0.53,9,144,2.0,32,2.0,rf,1.0587112971685269,0.11386150890897129,1.049651861087764,0.790625,3.8,0.0
0.8,0.816496580927726,0.8333333333333333,0.9949363425925926,0.011130666666666667,0.018955555555555555,ArticularyWordRecognition,1,5,24.0,11,253,none,0.53,9,144,2.1999999999999997,32,2.0,rf,,,,,,
0.7368421052631579,0.7637626158259734,0.7916666666666667,0.9992766203703705,0.007944851851851852,0.012433333333333334,ArticularyWordRecognition,1,5,24.0,11,253,SMOTE-raw,0.53,9,144,2.1999999999999997,32,2.0,rf,1.3276590153482823,0.19447773407242624,0.48576115312893314,,,
0.9565217391304348,0.9574271077563381,0.9583333333333333,0.9917534722222222,0.005339703703703706,0.014511111111111114,ArticularyWordRecognition,1,5,24.0,11,253,guide=gpf | walk=aligned,0.53,9,144,2.1999999999999997,32,2.0,rf,1.740320916009611,0.13473334088040256,1.6439259461920928,0.8784722222222222,2.1,0.0
0.9565217391304348,0.9574271077563381,0.9583333333333333,0.9965277777777778,0.004552481481481481,0.016677777777777777,ArticularyWordRecognition,1,5,24.0,11,253,guide=sig | walk=aligned,0.53,9,144,2.1999999999999997,32,2.0,rf,0.9648224862495178,0.08859031761218894,1.300145791034624,0.790625,3.0,0.0
0.8,0.816496580927726,0.8333333333333333,0.9949363425925926,0.010543222222222223,0.018477777777777777,ArticularyWordRecognition,1,10,24.0,11,253,none,0.53,9,144,2.1999999999999997,32,2.0,rf,,,,,,
0.8,0.816496580927726,0.8333333333333333,0.9991319444444444,0.007697999999999999,0.011733333333333335,ArticularyWordRecognition,1,10,24.0,11,253,SMOTE-raw,0.53,9,144,2.1999999999999997,32,2.0,rf,1.3797782311272835,0.20930298236240952,0.4220454981203426,,,
0.9565217391304348,0.9574271077563381,0.9583333333333333,0.9937789351851852,0.005209592592592591,0.012433333333333336,ArticularyWordRecognition,1,10,24.0,11,253,guide=gpf | walk=aligned,0.53,9,144,2.1999999999999997,32,2.0,rf,1.8692510274040508,0.15060364735078846,1.5374275519060425,0.8784722222222222,2.3,0.0
0.9565217391304348,0.9574271077563381,0.9583333333333333,0.9934895833333334,0.004759444444444445,0.0141,ArticularyWordRecognition,1,10,24.0,11,253,guide=sig | walk=aligned,0.53,9,144,2.1999999999999997,32,2.0,rf,1.0526309895608055,0.10035436993882929,1.4597140633383514,0.790625,3.3,0.0
0.8,0.816496580927726,0.8333333333333333,0.9943576388888888,0.011216481481481482,0.01843333333333333,ArticularyWordRecognition,1,20,24.0,11,253,none,0.53,9,144,2.1999999999999997,32,2.0,rf,,,,,,
0.8,0.816496580927726,0.8333333333333333,0.9984085648148148,0.007696222222222223,0.011911111111111114,ArticularyWordRecognition,1,20,24.0,11,253,SMOTE-raw,0.53,9,144,2.1999999999999997,32,2.0,rf,1.4734259641589702,0.2138804999517797,0.432033281075659,,,
0.9565217391304348,0.9574271077563381,0.9583333333333333,0.9917534722222222,0.005346370370370371,0.013377777777777778,ArticularyWordRecognition,1,20,24.0,11,253,guide=gpf | walk=aligned,0.53,9,144,2.1999999999999997,32,2.0,rf,1.7737239340371094,0.1456768262484961,1.3790929157200782,0.8784722222222222,2.9,0.0
0.9565217391304348,0.9574271077563381,0.9583333333333333,0.9991319444444444,0.004121703703703704,0.016777777777777784,ArticularyWordRecognition,1,20,24.0,11,253,guide=sig | walk=aligned,0.53,9,144,2.1999999999999997,32,2.0,rf,1.0163900903171097,0.09201930293952898,1.4953718562345482,0.790625,4.3,0.0
0.8,0.816496580927726,0.8333333333333333,0.9953703703703705,0.010604444444444446,0.018844444444444445,ArticularyWordRecognition,2,5,24.0,11,253,none,0.53,9,144,2.1999999999999997,32,2.0,rf,,,,,,
0.8,0.816496580927726,0.8333333333333333,0.9984085648148147,0.007418111111111109,0.011566666666666666,ArticularyWordRecognition,2,5,24.0,11,253,SMOTE-raw,0.53,9,144,2.1999999999999997,32,2.0,rf,1.4139483286397336,0.21319444377841545,0.4150530202330201,,,
0.9565217391304348,0.9574271077563381,0.9583333333333333,0.9953703703703703,0.004833296296296297,0.010500000000000006,ArticularyWordRecognition,2,5,24.0,11,253,guide=gpf | walk=aligned,0.53,9,144,2.1999999999999997,32,2.0,rf,1.6979566316748542,0.126957150294152,1.8807493159296038,0.8784722222222222,2.0,0.0
0.9565217391304348,0.9574271077563381,0.9583333333333333,0.9988425925925926,0.004332111111111111,0.01658888888888889,ArticularyWordRecognition,2,5,24.0,11,253,guide=sig | walk=aligned,0.53,9,144,2.1999999999999997,32,2.0,rf,0.9610883966768187,0.0821129985388327,1.5646989402537637,0.790625,3.8,0.0
0.8,0.816496580927726,0.8333333333333333,0.994357638888889,0.010752555555555557,0.017877777777777777,ArticularyWordRecognition,2,10,24.0,11,253,none,0.53,9,144,2.1999999999999997,32,2.0,rf,,,,,,
0.8,0.816496580927726,0.8333333333333333,0.9984085648148149,0.007640222222222222,0.011711111111111113,ArticularyWordRecognition,2,10,24.0,11,253,SMOTE-raw,0.53,9,144,2.1999999999999997,32,2.0,rf,1.317394632129945,0.1955567532718377,0.470932861821632,,,
0.9565217391304348,0.9574271077563381,0.9583333333333333,0.9871238425925927,0.004966185185185185,0.012811111111111113,ArticularyWordRecognition,2,10,24.0,11,253,guide=gpf | walk=aligned,0.53,9,144,2.1999999999999997,32,2.0,rf,1.7868387553216287,0.13450476561807678,1.7687106942099542,0.8784722222222222,2.3,0.0
0.9565217391304348,0.9574271077563381,0.9583333333333333,0.998263888888889,0.004004296296296296,0.014311111111111111,ArticularyWordRecognition,2,10,24.0,11,253,guide=sig | walk=aligned,0.53,9,144,2.1999999999999997,32,2.0,rf,0.9316575046389213,0.08111009020310755,1.575025331734154,0.790625,3.3,0.0
0.8,0.816496580927726,0.8333333333333333,0.995949074074074,0.010123333333333333,0.01771111111111111,ArticularyWordRecognition,2,20,24.0,11,253,none,0.53,9,144,2.1999999999999997,32,2.0,rf,,,,,,
0.7368421052631579,0.7637626158259734,0.7916666666666667,0.9986979166666667,0.008012407407407407,0.012166666666666666,ArticularyWordRecognition,2,20,24.0,11,253,SMOTE-raw,0.53,9,144,2.1999999999999997,32,2.0,rf,1.3339687880918403,0.2031887092807126,0.43674025867267663,,,
0.9565217391304348,0.9574271077563381,0.9583333333333333,0.9856770833333333,0.005483518518518518,0.011922222222222221,ArticularyWordRecognition,2,20,24.0,11,253,guide=gpf | walk=aligned,0.53,9,144,2.1999999999999997,32,2.0,rf,1.6277980494587423,0.1289610638092359,1.7773458422826247,0.8784722222222222,1.8,0.0
0.9565217391304348,0.9574271077563381,0.9583333333333333,0.9984085648148148,0.004220037037037037,0.014055555555555554,ArticularyWordRecognition,2,20,24.0,11,253,guide=sig | walk=aligned,0.53,9,144,2.1999999999999997,32,2.0,rf,1.002372616269665,0.0863646600657556,1.7205478752110723,0.790625,3.6,0.0
0.8732394366197183,0.9016382675035555,0.904067433770404,0.9896976184104896,0.04206054750402577,0.07681159420289854,Epilepsy,0,5,5.0,20,80,none,0.045,3,206,2.0,32,2.0,rf,,,,,,
0.9041095890410958,0.9302688071298884,0.9310944607974311,0.9878244581214879,0.04186417069243157,0.036159420289855096,Epilepsy,0,5,5.0,20,80,SMOTE-raw,0.045,3,206,2.0,32,2.0,rf,0.10080448307740397,0.0598178672169547,0.5517449559343058,,,
0.9066666666666666,0.9394285978438609,0.9396574792614396,0.9863526893229864,0.040961191626409016,0.031545893719806775,Epilepsy,0,5,5.0,20,80,guide=gpf | walk=aligned,0.045,3,206,2.0,32,2.0,rf,0.07406174863738557,0.06398796860654432,1.1053479316513832,0.625,0.8,0.0
0.868421052631579,0.9159193278590855,0.9162429756489162,0.9847471233609848,0.04762085346215781,0.0414734299516908,Epilepsy,0,5,5.0,20,80,guide=sig | walk=aligned,0.045,3,206,2.0,32,2.0,rf,0.08583048794368908,0.06805677057449389,1.3490670498248365,0.625,0.8,0.0
0.7936507936507936,0.8179155320084519,0.8328873427883329,0.9566497190259567,0.07749508856682769,0.06495169082125604,Epilepsy,0,10,10.0,10,90,none,0.045,3,206,1.7999999999999998,32,2.0,rf,,,,,,
0.8405797101449275,0.8720682756153674,0.877040406743377,0.9674872892694675,0.060460466988727854,0.025772946859903393,Epilepsy,0,10,10.0,10,90,SMOTE-raw,0.045,3,206,1.7999999999999998,32,2.0,rf,0.1731357920207568,0.09022145444844631,0.6837400781635193,,,
0.9066666666666666,0.9394285978438609,0.9396574792614396,0.9855499063419856,0.040113043478260876,0.05193236714975847,Epilepsy,0,10,10.0,10,90,guide=gpf | walk=aligned,0.045,3,206,1.7999999999999998,32,2.0,rf,0.07503528357921208,0.05167160330678766,1.2825829254385082,0.703125,0.5,0.0
0.8169014084507042,0.8631237491627403,0.8671394166443671,0.9622691998929622,0.06509621578099839,0.04896135265700482,Epilepsy,0,10,10.0,10,90,guide=sig | walk=aligned,0.045,3,206,1.7999999999999998,32,2.0,rf,0.07174624658188433,0.04513796188575403,0.9912919391614353,0.703125,0.9,0.0
0.7241379310344828,0.753370803500884,0.7837837837837838,0.9266791544019267,0.11851457326892109,0.1301690821256039,Epilepsy,0,20,20.0,5,95,none,0.045,3,206,1.5999999999999999,32,2.0,rf,,,,,,
0.7936507936507936,0.8179155320084519,0.8328873427883329,0.9357773615199357,0.08995402576489535,0.09263285024154588,Epilepsy,0,20,20.0,5,95,SMOTE-raw,0.045,3,206,1.5999999999999999,32,2.0,rf,0.3000866827507358,0.17963796845600244,0.5520256829489931,,,
0.8235294117647058,0.8569007137870375,0.8635268932298635,0.9460797431094461,0.07509106280193238,0.06804347826086957,Epilepsy,0,20,20.0,5,95,guide=gpf | walk=aligned,0.045,3,206,1.5999999999999999,32,2.0,rf,0.36555594032404826,0.16930612069637008,1.8862615363757582,0.59375,0.7,0.0
0.8169014084507042,0.8631237491627403,0.8671394166443671,0.94995986085095,0.07486843800322061,0.06429951690821258,Epilepsy,0,20,20.0,5,95,guide=sig | walk=aligned,0.045,3,206,1.5999999999999999,32,2.0,rf,0.4444674500471335,0.22098090556726802,2.5792949714288538,0.7421875,0.6,0.0
0.8823529411764706,0.8959815740297358,0.9004549103559005,0.9838105432164839,0.052221980676328494,0.06804347826086955,Epilepsy,1,5,5.0,20,80,none,0.045,3,206,2.1999999999999997,32,2.0,rf,,,,,,
0.8571428571428571,0.8869765055404719,0.8905539202568906,0.9847471233609848,0.04450789049919485,0.04801932367149757,Epilepsy,1,5,5.0,20,80,SMOTE-raw,0.045,3,206,2.1999999999999997,32,2.0,rf,0.21893220336802788,0.114983876933209,0.5326012617252954,,,
0.8311688311688312,0.8923904510654496,0.8928284720363928,0.982071180090982,0.05177326892109501,0.0547826086956522,Epilepsy,1,5,5.0,20,80,guide=gpf | walk=aligned,0.045,3,206,2.1999999999999997,32,2.0,rf,0.14022220065555135,0.07595729456682165,1.3386973308528884,0.8333333333333334,0.6,0.0
0.810126582278481,0.8827427032973874,0.8829274819373829,0.978057265185978,0.05765837359098229,0.05050724637681159,Epilepsy,1,5,5.0,20,80,guide=sig | walk=aligned,0.045,3,206,2.1999999999999997,32,2.0,rf,0.11888101997209222,0.07984897955710835,1.3601718451859222,0.8333333333333334,0.6,0.0
0.7741935483870968,0.8013902824470998,0.8193738292748194,0.9409954508964411,0.08638808373590982,0.08309178743961351,Epilepsy,1,10,10.0,10,90,none,0.045,3,206,1.7999999999999998,32,2.0,rf,,,,,,
0.8307692307692308,0.8500027546430202,0.85991436981536,0.944875568637945,0.07450008051529791,0.06997584541062804,Epilepsy,1,10,10.0,10,90,SMOTE-raw,0.045,3,206,1.7999999999999998,32,2.0,rf,0.31724026579479725,0.16887598913990254,0.4759237971030655,,,
0.8450704225352113,0.8824395115648317,0.8856034252073857,0.9842119347069842,0.04638703703703704,0.048816425120772944,Epilepsy,1,10,10.0,10,90,guide=gpf | walk=aligned,0.045,3,206,1.7999999999999998,32,2.0,rf,0.08092608112978406,0.052497756691613606,1.1970706591998237,0.5625,1.5,0.0
0.7945205479452054,0.8540855550837572,0.8572384265453572,0.9566497190259566,0.07372769726247988,0.06338164251207727,Epilepsy,1,10,10.0,10,90,guide=sig | walk=aligned,0.045,3,206,1.7999999999999998,32,2.0,rf,0.16996214308685653,0.10480169340763201,1.4328531697366158,0.703125,0.7,0.0
0.35555555555555557,0.46499055497527714,0.6081081081081081,0.9443403799839443,0.1310864734299517,0.14478260869565218,Epilepsy,1,20,20.0,5,95,none,0.045,3,206,1.5999999999999999,32,2.0,rf,,,,,,
0.8059701492537313,0.8414597965694547,0.85001337971635,0.9656141289804656,0.06976948470209339,0.0692512077294686,Epilepsy,1,20,20.0,5,95,SMOTE-raw,0.045,3,206,1.5999999999999999,32,2.0,rf,1.008485239063849,0.4117068441553452,0.48327629605689115,,,
0.8285714285714286,0.8676075390703752,0.8720899116938721,0.9522344126304523,0.07141747181964574,0.04905797101449277,Epilepsy,1,20,20.0,5,95,guide=gpf | walk=aligned,0.045,3,206,1.5999999999999999,32,2.0,rf,0.3152374428749267,0.12340236872425658,0.96653581796542,0.59375,0.6,0.0
0.8947368421052632,0.9345736371891054,0.9347069842119347,0.9835429488894836,0.04703574879227053,0.043478260869565216,Epilepsy,1,20,20.0,5,95,guide=sig | walk=aligned,0.045,3,206,1.5999999999999999,32,2.0,rf,0.27314771289340944,0.11138531258478868,1.1202085241192261,0.37109375,1.3,0.0
0.8571428571428571,0.8869765055404719,0.8905539202568906,0.9872892694674873,0.046854830917874395,0.05775362318840578,Epilepsy,2,5,5.0,20,80,none,0.045,3,206,2.0,32,2.0,rf,,,,,,
0.9041095890410958,0.9302688071298884,0.9310944607974311,0.9884934439389884,0.03864202898550725,0.04396135265700486,Epilepsy,2,5,5.0,20,80,SMOTE-raw,0.045,3,206,2.0,32,2.0,rf,0.22052412107411068,0.12015839587561372,0.5841531040364835,,,
0.9066666666666666,0.9394285978438609,0.9396574792614396,0.9852823120149852,0.04147302737520129,0.03442028985507247,Epilepsy,2,5,5.0,20,80,guide=gpf | walk=aligned,0.045,3,206,2.0,32,2.0,rf,0.09834405966803894,0.06877944833336824,1.3922033167942964,0.625,0.8,0.0
0.9210526315789473,0.9531436094135597,0.9531709927749532,0.9854161091784854,0.044275523349436394,0.043333333333333335,Epilepsy,2,5,5.0,20,80,guide=sig | walk=aligned,0.045,3,206,2.0,32,2.0,rf,0.08482689350231154,0.06234497729454003,0.989194505965979,0.8333333333333334,0.5,0.0
0.7868852459016393,0.8053872662568292,0.8243243243243243,0.9772544822049773,0.07064734299516909,0.1082608695652174,Epilepsy,2,10,10.0,10,90,none,0.045,3,206,2.0,32,2.0,rf,,,,,,
0.8656716417910447,0.8809219876361221,0.8869413968423869,0.9831415573989832,0.05099694041867955,0.05628019323671498,Epilepsy,2,10,10.0,10,90,SMOTE-raw,0.045,3,206,2.0,32,2.0,rf,0.1913337160169739,0.1291594283949684,0.5001234741992386,,,
0.8918918918918919,0.9255103677041422,0.9261439657479261,0.9854161091784853,0.044218196457326886,0.03618357487922708,Epilepsy,2,10,10.0,10,90,guide=gpf | walk=aligned,0.045,3,206,2.0,32,2.0,rf,0.16511044357658178,0.11105025779559985,1.34950464475689,0.9375,0.6,0.0
0.8115942028985508,0.8525175611872912,0.8585763981803586,0.9577200963339578,0.06930958132045087,0.05147342995169082,Epilepsy,2,10,10.0,10,90,guide=sig | walk=aligned,0.045,3,206,2.0,32,2.0,rf,0.2619195529064473,0.13370427229616488,0.8500654695908038,0.5625,0.8,0.0
0.5769230769230769,0.6367145399670133,0.7027027027027027,0.9516992239764518,0.11294388083735908,0.1367391304347826,Epilepsy,2,20,20.0,5,95,none,0.045,3,206,1.5999999999999999,32,2.0,rf,,,,,,
0.6666666666666666,0.7130422296754299,0.7518062617072518,0.9706984211934707,0.08568631239935587,0.09212560386473431,Epilepsy,2,20,20.0,5,95,SMOTE-raw,0.045,3,206,1.5999999999999999,32,2.0,rf,0.3916516224863038,0.19992327456598413,0.5004296317025005,,,
0.7761194029850746,0.8215064775731685,0.8315493711533315,0.9745785389349746,0.06712536231884059,0.054468599033816435,Epilepsy,2,20,20.0,5,95,guide=gpf | walk=aligned,0.045,3,206,1.5999999999999999,32,2.0,rf,0.6742287629447985,0.3235937526978362,1.2355352313313286,0.9895833333333334,0.4,0.0
0.8285714285714286,0.8676075390703752,0.8720899116938721,0.978993845330479,0.06086851851851852,0.055579710144927526,Epilepsy,2,20,20.0,5,95,guide=sig | walk=aligned,0.045,3,206,1.5999999999999999,32,2.0,rf,0.6824185429138139,0.3368658950161749,0.6603128128488605,0.4947916666666667,1.2,0.0
0.8928571428571429,0.9098229375970788,0.9133333333333333,0.9912222222222222,0.025749012345679015,0.04696296296296297,NATOPS,0,5,5.0,30,120,none,0.715,24,51,2.4,32,2.0,rf,,,,,,
0.8813559322033898,0.9215928240461366,0.9233333333333333,0.9897777777777778,0.03007944444444444,0.06187037037037036,NATOPS,0,5,5.0,30,120,SMOTE-raw,0.715,24,51,2.4,32,2.0,rf,0.5458200178669941,0.08276199444457766,0.6966303771949768,,,
0.9666666666666667,0.9799092928543041,0.98,0.9977777777777778,0.015386234567901235,0.050351851851851856,NATOPS,0,5,5.0,30,120,guide=gpf | walk=aligned,0.715,24,51,2.4,32,2.0,rf,0.28536294117116423,0.042633415596605495,1.172453952994726,0.75,1.5,0.0
0.9206349206349206,0.9699942726062298,0.97,0.998,0.023255061728395057,0.06781481481481481,NATOPS,0,5,5.0,30,120,guide=sig | walk=aligned,0.715,24,51,2.4,32,2.0,rf,0.45688882569168054,0.04894899431797428,2.4493302531577537,0.75,0.9,0.0
0.6538461538461539,0.7401201103724839,0.7666666666666666,0.9305555555555555,0.07331777777777777,0.06733333333333333,NATOPS,0,10,10.0,15,135,none,0.715,24,51,2.1999999999999997,32,2.0,rf,,,,,,
0.8727272727272727,0.8914407813571615,0.8966666666666667,0.9774444444444444,0.03773716049382716,0.06529629629629628,NATOPS,0,10,10.0,15,135,SMOTE-raw,0.715,24,51,2.1999999999999997,32,2.0,rf,0.6702003824835261,0.08859549300486191,0.6466561678714587,,,
0.8771929824561403,0.9067647005823629,0.91,0.9768888888888889,0.03745549382716049,0.06075925925925926,NATOPS,0,10,10.0,15,135,guide=gpf | walk=aligned,0.715,24,51,2.1999999999999997,32,2.0,rf,0.9518732375496048,0.10401417188117157,0.8189992236371876,0.703125,1.8,0.0
0.9122807017543859,0.927840982544363,0.9299999999999999,0.972,0.04230623456790124,0.0745,NATOPS,0,10,10.0,15,135,guide=sig | walk=aligned,0.715,24,51,2.1999999999999997,32,2.0,rf,0.91035174843618,0.08833368278094944,0.8487619149771968,0.703125,0.9,0.0
0.6666666666666666,0.7071067811865476,0.75,0.9827777777777778,0.054464567901234565,0.06548148148148149,NATOPS,0,20,18.8,8,142,none,0.715,24,51,2.0,32,2.0,rf,,,,,,
0.6938775510204082,0.7477373276165308,0.7766666666666666,0.9638888888888888,0.05729956790123456,0.049537037037037046,NATOPS,0,20,18.8,8,142,SMOTE-raw,0.715,24,51,2.0,32,2.0,rf,2.3670218027488072,0.2451162198421991,0.6412193282106597,,,
0.9491525423728814,0.9628660919936433,0.9633333333333334,0.9955555555555555,0.017226790123456792,0.036074074074074085,NATOPS,0,20,18.8,8,142,guide=gpf | walk=aligned,0.715,24,51,2.0,32,2.0,rf,1.7901183041957136,0.17085228634007688,1.1543455577825883,0.44375,2.8,0.0
0.9508196721311475,0.9766154707855993,0.9766666666666667,0.9962222222222221,0.01750932098765432,0.03646296296296296,NATOPS,0,20,18.8,8,142,guide=sig | walk=aligned,0.715,24,51,2.0,32,2.0,rf,2.9329888897774605,0.346772020007907,0.5745893743316471,0.4930555555555556,1.1,0.0
0.8928571428571429,0.9098229375970788,0.9133333333333333,0.9927777777777779,0.024671234567901233,0.0491111111111111,NATOPS,1,5,5.0,30,120,none,0.715,24,51,2.4,32,2.0,rf,,,,,,
0.9152542372881356,0.9423375191511798,0.9433333333333334,0.9938888888888888,0.025252283950617283,0.0465,NATOPS,1,5,5.0,30,120,SMOTE-raw,0.715,24,51,2.4,32,2.0,rf,0.5106578896663461,0.09542991517817356,0.6237742632932457,,,
0.9666666666666667,0.9799092928543041,0.98,0.9984444444444445,0.012657962962962965,0.031092592592592602,NATOPS,1,5,5.0,30,120,guide=gpf | walk=aligned,0.715,24,51,2.4,32,2.0,rf,0.4291525270245442,0.07228691043457358,0.712785799749611,0.75,1.9,0.0
0.967741935483871,0.993310961716756,0.9933333333333334,0.9986666666666667,0.014806604938271607,0.04824074074074075,NATOPS,1,5,5.0,30,120,guide=sig | walk=aligned,0.715,24,51,2.4,32,2.0,rf,0.39636396299148036,0.051508781084951716,1.7016212281083942,0.75,0.9,0.0
0.8235294117647058,0.8366600265340756,0.85,0.9838888888888888,0.0410329012345679,0.04935185185185186,NATOPS,1,10,10.0,15,135,none,0.715,24,51,2.1999999999999997,32,2.0,rf,,,,,,
0.7843137254901961,0.8137703743822469,0.83,0.9865555555555555,0.039263148148148144,0.05461111111111109,NATOPS,1,10,10.0,15,135,SMOTE-raw,0.715,24,51,2.1999999999999997,32,2.0,rf,0.9072170663316426,0.11821016140732943,0.6373574035503724,,,
0.9310344827586207,0.9455157322858251,0.9466666666666667,0.9952222222222222,0.017768518518518517,0.03514814814814812,NATOPS,1,10,10.0,15,135,guide=gpf | walk=aligned,0.715,24,51,2.1999999999999997,32,2.0,rf,0.42955033129846676,0.05806863071638324,1.1829191870394216,0.703125,1.7,0.0
0.8928571428571429,0.9098229375970788,0.9133333333333333,0.9897777777777778,0.02521722222222222,0.02731481481481482,NATOPS,1,10,10.0,15,135,guide=sig | walk=aligned,0.715,24,51,2.1999999999999997,32,2.0,rf,1.0426603863699322,0.1185969951446223,1.4597621404807586,0.703125,1.0,0.0
0.21052631578947367,0.36024682896283455,0.5533333333333333,0.862,0.10627395061728397,0.06588888888888887,NATOPS,1,20,18.8,8,142,none,0.715,24,51,1.7999999999999998,32,2.0,rf,,,,,,
0.6101694915254238,0.7456540752922899,0.7633333333333333,0.8801111111111111,0.10068018518518519,0.1039074074074074,NATOPS,1,20,18.8,8,142,SMOTE-raw,0.715,24,51,1.7999999999999998,32,2.0,rf,0.7267483408751243,0.07449662788685552,0.614028520047674,,,
0.3404255319148936,0.500666222813829,0.6033333333333333,0.8764444444444445,0.10694932098765432,0.07712962962962963,NATOPS,1,20,18.8,8,142,guide=gpf | walk=aligned,0.715,24,51,1.7999999999999998,32,2.0,rf,6.698756093359329,0.43589536558306347,0.307111507316266,0.34134615384615385,4.1,0.0
0.5964912280701754,0.7272474743090476,0.75,0.8961111111111111,0.09166197530864198,0.078,NATOPS,1,20,18.8,8,142,guide=sig | walk=aligned,0.715,24,51,1.7999999999999998,32,2.0,rf,3.471607472730639,0.22170803261512506,0.4484949833189811,0.4034090909090909,1.3,0.0
0.8928571428571429,0.9098229375970788,0.9133333333333333,0.992,0.025084938271604938,0.03955555555555555,NATOPS,2,5,5.0,30,120,none,0.715,24,51,2.4,32,2.0,rf,,,,,,
0.896551724137931,0.9247221805013175,0.9266666666666667,0.9880000000000001,0.03131858024691358,0.0509074074074074,NATOPS,2,5,5.0,30,120,SMOTE-raw,0.715,24,51,2.4,32,2.0,rf,0.5262849403704077,0.09301920147686382,0.6121948126802771,,,
0.9508196721311475,0.9766154707855993,0.9766666666666667,0.9973333333333332,0.01587524691358025,0.0374259259259259,NATOPS,2,5,5.0,30,120,guide=gpf | walk=aligned,0.715,24,51,2.4,32,2.0,rf,0.3421907384468925,0.05165990148808153,1.1001942431262406,0.75,2.1,0.0
0.9508196721311475,0.9766154707855993,0.9766666666666667,0.9978888888888888,0.02162197530864198,0.06025925925925924,NATOPS,2,5,5.0,30,120,guide=sig | walk=aligned,0.715,24,51,2.4,32,2.0,rf,0.40564011710865255,0.04475437865477283,2.188949284661761,0.75,1.0,0.0
0.6,0.695221787153807,0.7333333333333334,0.8906666666666667,0.08720814814814813,0.03514814814814814,NATOPS,2,10,10.0,15,135,none,0.715,24,51,2.4,32,2.0,rf,,,,,,
0.6865671641791045,0.8337332373793858,0.8366666666666667,0.9053333333333333,0.09607703703703703,0.09837037037037041,NATOPS,2,10,10.0,15,135,SMOTE-raw,0.715,24,51,2.4,32,2.0,rf,1.0257458335491982,0.09795639366333997,0.5790888445675291,,,
0.5538461538461539,0.7293833011524188,0.7433333333333334,0.8781111111111112,0.10054333333333333,0.06503703703703702,NATOPS,2,10,10.0,15,135,guide=gpf | walk=aligned,0.715,24,51,2.4,32,2.0,rf,11.244954613037866,0.2565429836369798,16.457817298747468,0.421875,3.1,0.0
0.6410256410256411,0.8399735445569435,0.8400000000000001,0.8945555555555555,0.11223413580246913,0.0963888888888889,NATOPS,2,10,10.0,15,135,guide=sig | walk=aligned,0.715,24,51,2.4,32,2.0,rf,2.6821247496118943,0.05514840255999309,14.026659001216082,0.28125,2.1,0.0
0.23529411764705882,0.3651483716701107,0.5666666666666667,0.9318888888888889,0.08645537037037038,0.08105555555555555,NATOPS,2,20,18.8,8,142,none,0.715,24,51,2.4,32,2.0,rf,,,,,,
0.6666666666666666,0.758946638440411,0.78,0.9354444444444444,0.0725320987654321,0.0337037037037037,NATOPS,2,20,18.8,8,142,SMOTE-raw,0.715,24,51,2.4,32,2.0,rf,2.1519007620531276,0.15132949377645533,0.4457191188733542,,,
0.8679245283018868,0.8755950357709131,0.8833333333333333,0.9782222222222222,0.037294814814814815,0.029666666666666664,NATOPS,2,20,18.8,8,142,guide=gpf | walk=aligned,0.715,24,51,2.4,32,2.0,rf,2.0668157825961337,0.13303000206279192,0.8634445809962235,0.19293478260869565,6.9,0.0
0.9032258064516129,0.9531235200352809,0.9533333333333334,0.9962222222222222,0.029042592592592596,0.07166666666666667,NATOPS,2,20,18.8,8,142,guide=sig | walk=aligned,0.715,24,51,2.4,32,2.0,rf,1.7756690345219859,0.10028786168444159,1.0939308745627208,0.44375,1.5,0.0
0.7619047619047619,0.85146931829632,0.8583333333333334,0.9607886904761904,0.04210794306703397,0.03150137741046832,OSULeaf,0,5,5.0,33,133,none,0.647,1,427,1.5999999999999999,32,2.0,rf,,,,,,
0.6521739130434783,0.8964214570007952,0.8973214285714286,0.9692708333333333,0.08473213957759414,0.14203856749311294,OSULeaf,0,5,5.0,33,133,SMOTE-raw,0.647,1,427,1.5999999999999999,32,2.0,rf,1.313286882752772,0.10432487904699028,1.0314655371904773,,,
0.7714285714285715,0.8941775950159853,0.8956845238095238,0.9770833333333333,0.043131542699724516,0.03902203856749312,OSULeaf,0,5,5.0,33,133,guide=gpf | walk=aligned,0.647,1,427,1.5999999999999999,32,2.0,rf,3.0585462063026885,0.27091073709153646,1.008325358178468,0.18892045454545456,9.3,0.0
0.7368421052631579,0.8990735972840785,0.8994047619047619,0.9618303571428571,0.0643676308539945,0.09742424242424243,OSULeaf,0,5,5.0,33,133,guide=sig | walk=aligned,0.647,1,427,1.5999999999999999,32,2.0,rf,4.663370103872769,0.3172946396823655,1.8497693437289624,0.15985576923076922,12.0,0.0
0.7636363636363637,0.806225774829855,0.8233630952380953,0.948139880952381,0.040446877869605144,0.024669421487603305,OSULeaf,0,10,9.8,17,149,none,0.647,1,427,1.7999999999999998,32,2.0,rf,,,,,,
0.725,0.9078854291048801,0.9078869047619047,0.9677827380952381,0.07057603305785123,0.11184573002754822,OSULeaf,0,10,9.8,17,149,SMOTE-raw,0.647,1,427,1.7999999999999998,32,2.0,rf,1.4642816517810724,0.11067625520204094,0.8964051377881734,,,
0.8125,0.8884175337563495,0.8919642857142858,0.9700892857142857,0.038826170798898066,0.03633608815426998,OSULeaf,0,10,9.8,17,149,guide=gpf | walk=aligned,0.647,1,427,1.7999999999999998,32,2.0,rf,3.3153006020452684,0.20542137624291945,2.812270171919269,0.04901315789473684,37.8,0.0
0.7536231884057971,0.8774625212454811,0.8800595238095238,0.9704613095238095,0.04477405876951332,0.06403581267217633,OSULeaf,0,10,9.8,17,149,guide=sig | walk=aligned,0.647,1,427,1.7999999999999998,32,2.0,rf,4.610030295361724,0.28870454330482986,2.158477005795799,0.04901315789473684,41.1,0.0
0.7058823529411765,0.7482121547872826,0.7788690476190476,0.9787946428571428,0.04429393939393939,0.03936639118457301,OSULeaf,0,20,20.8,8,158,none,0.647,1,427,1.5999999999999999,32,2.0,rf,,,,,,
0.49122807017543857,0.6438814590693953,0.6925595238095238,0.910342261904762,0.07943769513314967,0.05769972451790636,OSULeaf,0,20,20.8,8,158,SMOTE-raw,0.647,1,427,1.5999999999999999,32,2.0,rf,3.3572239386598834,0.21739154876069178,0.8873537926037185,,,
0.7058823529411765,0.7482121547872826,0.7788690476190476,0.9769345238095238,0.0441188246097337,0.03619834710743802,OSULeaf,0,20,20.8,8,158,guide=gpf | walk=aligned,0.647,1,427,1.5999999999999999,32,2.0,rf,8.360083074099776,0.5881513569447538,0.7063644983265376,0.04888613861386139,41.0,0.0
0.5769230769230769,0.6764534616027075,0.7224702380952381,0.959672619047619,0.06093953168044078,0.049683195592286504,OSULeaf,0,20,20.8,8,158,guide=sig | walk=aligned,0.647,1,427,1.5999999999999999,32,2.0,rf,1.0250204623736305,0.08461853187226043,0.8569705875075736,0.04888613861386139,44.5,0.0
0.7213114754098361,0.8152198067597065,0.8270833333333334,0.9701636904761906,0.04306726354453627,0.042190082644628105,OSULeaf,1,5,5.0,33,133,none,0.647,1,427,1.7999999999999998,32,2.0,rf,,,,,,
0.6896551724137931,0.9087864749999623,0.9092261904761905,0.9688244047619047,0.08196478420569328,0.13433884297520665,OSULeaf,1,5,5.0,33,133,SMOTE-raw,0.647,1,427,1.7999999999999998,32,2.0,rf,1.531129308256137,0.117739262190665,0.9891440281204876,,,
0.7945205479452054,0.9243723739458496,0.9245535714285714,0.9767113095238095,0.04518989898989899,0.04044077134986227,OSULeaf,1,5,5.0,33,133,guide=gpf | walk=aligned,0.647,1,427,1.7999999999999998,32,2.0,rf,1.9988658432784163,0.1768565611272287,1.2786275576203614,0.2078125,8.4,0.0
0.7945205479452054,0.9243723739458496,0.9245535714285714,0.979985119047619,0.050174517906336084,0.07301652892561984,OSULeaf,1,5,5.0,33,133,guide=sig | walk=aligned,0.647,1,427,1.7999999999999998,32,2.0,rf,4.108322397596792,0.29578242247796405,1.7782229081296836,0.15985576923076922,11.2,0.0
0.7368421052631579,0.8023403267940606,0.8186011904761905,0.9714285714285715,0.04397093663911846,0.04188705234159781,OSULeaf,1,10,9.8,17,149,none,0.647,1,427,1.7999999999999998,32,2.0,rf,,,,,,
0.7441860465116279,0.9461702252967461,0.9476190476190476,0.9832589285714286,0.06314545454545453,0.1158953168044077,OSULeaf,1,10,9.8,17,149,SMOTE-raw,0.647,1,427,1.7999999999999998,32,2.0,rf,1.607190030194916,0.12347532430792574,0.9144530083993255,,,
0.7647058823529411,0.8796644381862461,0.8824404761904762,0.9801339285714286,0.03985872359963269,0.03166666666666667,OSULeaf,1,10,9.8,17,149,guide=gpf | walk=aligned,0.647,1,427,1.7999999999999998,32,2.0,rf,3.2514303945451726,0.23485343535791836,1.9449875600624928,0.06651785714285714,28.2,0.0
0.8656716417910447,0.9382734904371661,0.9388392857142858,0.9904017857142856,0.03584329660238752,0.06172176308539945,OSULeaf,1,10,9.8,17,149,guide=sig | walk=aligned,0.647,1,427,1.7999999999999998,32,2.0,rf,3.0231854508995095,0.21073973210667774,2.012149618194781,0.04901315789473684,39.2,0.0
0.7407407407407407,0.7867957924694432,0.8077380952380953,0.9773065476190477,0.04416919191919192,0.040730027548209376,OSULeaf,1,20,20.8,8,158,none,0.647,1,427,1.5999999999999999,32,2.0,rf,,,,,,
0.7160493827160493,0.9055056466916571,0.9055059523809523,0.9523809523809524,0.08777828282828283,0.1393801652892562,OSULeaf,1,20,20.8,8,158,SMOTE-raw,0.647,1,427,1.5999999999999999,32,2.0,rf,3.2459736336213023,0.1997981247344961,0.8825535135526789,,,
0.7636363636363637,0.806225774829855,0.8233630952380953,0.9774553571428571,0.040368273645546376,0.027699724517906338,OSULeaf,1,20,20.8,8,158,guide=gpf | walk=aligned,0.647,1,427,1.5999999999999999,32,2.0,rf,10.823248688693425,0.5192685028655364,2.3945608288059295,0.04888613861386139,42.8,0.0
0.7017543859649122,0.7811011763011547,0.8005952380952381,0.9677083333333334,0.05157020202020202,0.03420110192837466,OSULeaf,1,20,20.8,8,158,guide=sig | walk=aligned,0.647,1,427,1.5999999999999999,32,2.0,rf,0.9067810220402439,0.05987156498183399,0.8686445221665751,0.04888613861386139,43.8,0.0
0.7419354838709677,0.8335416406315084,0.8427083333333334,0.9683779761904763,0.0413761248852158,0.0384848484848485,OSULeaf,2,5,5.0,33,133,none,0.647,1,427,1.5999999999999999,32,2.0,rf,,,,,,
0.651685393258427,0.8862373647430279,0.8864583333333333,0.9664434523809524,0.0820544536271809,0.1281542699724518,OSULeaf,2,5,5.0,33,133,SMOTE-raw,0.647,1,427,1.5999999999999999,32,2.0,rf,1.3001619407508853,0.10611147239799912,0.9486404471501647,,,
0.7777777777777778,0.9082951062292475,0.9089285714285714,0.9804315476190477,0.04305174471992654,0.040922865013774096,OSULeaf,2,5,5.0,33,133,guide=gpf | walk=aligned,0.647,1,427,1.5999999999999999,32,2.0,rf,2.7316279774775145,0.24606469487072624,1.0402737061297238,0.16625,9.8,0.0
0.7631578947368421,0.9173428242172372,0.9174107142857143,0.9755952380952381,0.05388769513314969,0.08201101928374654,OSULeaf,2,5,5.0,33,133,guide=sig | walk=aligned,0.647,1,427,1.5999999999999999,32,2.0,rf,3.7704451341579555,0.26844676015801205,1.7142003478834704,0.15985576923076922,11.9,0.0
0.7719298245614035,0.8232123489286173,0.8366071428571429,0.9640625,0.042309550045913684,0.03487603305785124,OSULeaf,2,10,9.8,17,149,none,0.647,1,427,1.7999999999999998,32,2.0,rf,,,,,,
0.7945205479452054,0.9243723739458496,0.9245535714285714,0.9821428571428572,0.06345123966942148,0.125068870523416,OSULeaf,2,10,9.8,17,149,SMOTE-raw,0.647,1,427,1.7999999999999998,32,2.0,rf,2.5877105454884752,0.1885628173647338,0.7741553196576505,,,
0.7878787878787878,0.8840518192094958,0.887202380952381,0.9805803571428572,0.036432552800734624,0.02356749311294766,OSULeaf,2,10,9.8,17,149,guide=gpf | walk=aligned,0.647,1,427,1.7999999999999998,32,2.0,rf,4.808002390346889,0.34644906286357546,1.1560878581657548,0.1502016129032258,12.8,0.0
0.8571428571428571,0.9097684163723048,0.9123511904761905,0.9811755952380954,0.04077819100091828,0.09050964187327827,OSULeaf,2,10,9.8,17,149,guide=sig | walk=aligned,0.647,1,427,1.7999999999999998,32,2.0,rf,4.262306038908001,0.2850311502437981,1.5019293330252184,0.04901315789473684,42.4,0.0
0.68,0.7271315136171984,0.7632440476190476,0.9728422619047619,0.050391873278236916,0.05009641873278237,OSULeaf,2,20,20.8,8,158,none,0.647,1,427,1.5999999999999999,32,2.0,rf,,,,,,
0.6896551724137931,0.7791937224739796,0.7982142857142858,0.9639880952380953,0.05888585858585859,0.07333333333333333,OSULeaf,2,20,20.8,8,158,SMOTE-raw,0.647,1,427,1.5999999999999999,32,2.0,rf,2.2564622373239143,0.1610629431421704,0.7756741101278519,,,
0.7307692307692307,0.7687149140270527,0.7944940476190476,0.9735863095238095,0.049727456382001836,0.05049586776859504,OSULeaf,2,20,20.8,8,158,guide=gpf | walk=aligned,0.647,1,427,1.5999999999999999,32,2.0,rf,8.819618829342524,0.42583431520739157,1.5741335759255979,0.04888613861386139,39.9,0.0
0.6530612244897959,0.7054211845550484,0.7476190476190476,0.9642113095238095,0.05064146005509642,0.04825068870523417,OSULeaf,2,20,20.8,8,158,guide=sig | walk=aligned,0.647,1,427,1.5999999999999999,32,2.0,rf,6.811845122020477,0.49031498090709463,0.6753919668590492,0.04888613861386139,45.2,0.0
0.5242718446601942,0.5960395606792697,0.6776315789473684,0.9075391180654339,0.22091622222222224,0.2615777777777778,GunPoint,0,5,5.2,5,21,none,0.852,1,150,1.5999999999999999,32,2.0,rf,,,,,,
0.7008547008547008,0.7344887229975191,0.7697368421052632,0.9710170697012802,0.14391570370370368,0.1964888888888889,GunPoint,0,5,5.2,5,21,SMOTE-raw,0.852,1,150,1.5999999999999999,32,2.0,rf,2.237064473385235,0.23532464840711687,0.5439919532328397,,,
0.6782608695652174,0.7163503994113789,0.756578947368421,0.9668385490753912,0.1431146666666667,0.18751111111111107,GunPoint,0,5,5.2,5,21,guide=gpf | walk=aligned,0.852,1,150,1.5999999999999999,32,2.0,rf,3.066427525411365,0.3121707743125003,1.0439487802843315,0.65625,0.1,0.0
0.6896551724137931,0.7254762501100116,0.763157894736842,0.9744843527738264,0.13465459259259258,0.19575555555555554,GunPoint,0,5,5.2,5,21,guide=sig | walk=aligned,0.852,1,150,1.5999999999999999,32,2.0,rf,5.404264306919147,0.3723531804515222,2.4484426350609887,0.328125,0.2,0.0
0.5242718446601942,0.5960395606792697,0.6776315789473684,0.9599928876244666,0.1808354074074074,0.24915555555555552,GunPoint,0,10,6.5,4,22,none,0.852,1,150,1.5999999999999999,32,2.0,rf,,,,,,
0.8740740740740741,0.8810878443570108,0.888157894736842,0.9893314366998577,0.07821466666666665,0.1451555555555556,GunPoint,0,10,6.5,4,22,SMOTE-raw,0.852,1,150,1.5999999999999999,32,2.0,rf,1.656342081425909,0.22001510529996793,0.34307009668429095,,,
0.8823529411764706,0.8885233166386386,0.8947368421052632,0.9895092460881935,0.0876545185185185,0.15737777777777776,GunPoint,0,10,6.5,4,22,guide=gpf | walk=aligned,0.852,1,150,1.5999999999999999,32,2.0,rf,4.326316199044718,0.29820931520494387,3.0405065062102423,0.22916666666666666,0.3,0.0
0.8484848484848485,0.8583950752789521,0.868421052631579,0.9695945945945946,0.11583392592592592,0.15791111111111109,GunPoint,0,10,6.5,4,22,guide=sig | walk=aligned,0.852,1,150,1.5999999999999999,32,2.0,rf,10.097643341194878,0.6189211985503225,2.207507209703508,0.34375,0.3,0.0
0.2727272727272727,0.39735970711951313,0.5789473684210527,0.8818456614509246,0.2375237777777778,0.27508888888888894,GunPoint,0,20,6.5,4,22,none,0.852,1,150,1.5999999999999999,32,2.0,rf,,,,,,
0.8823529411764706,0.8885233166386386,0.8947368421052632,0.9839971550497867,0.08450614814814815,0.13664444444444446,GunPoint,0,20,6.5,4,22,SMOTE-raw,0.852,1,150,1.5999999999999999,32,2.0,rf,1.3137173400733833,0.1700577295285871,0.43764029799234316,,,
0.803030303030303,0.8179833300913012,0.8284139402560455,0.9180298719772404,0.14085777777777778,0.14831111111111112,GunPoint,0,20,6.5,4,22,guide=gpf | walk=aligned,0.852,1,150,1.5999999999999999,32,2.0,rf,15.6463041463476,0.640271128766319,3.5186023506081217,0.6875,0.1,0.0
0.7317073170731707,0.7590141093600838,0.7825391180654339,0.9064722617354196,0.160346,0.17322222222222222,GunPoint,0,20,6.5,4,22,guide=sig | walk=aligned,0.852,1,150,1.5999999999999999,32,2.0,rf,17.506150360083943,0.6777702815530509,2.7276097559267414,0.34375,0.2,0.0
0.5925925925925926,0.6488856845230502,0.7105263157894737,0.9598150782361309,0.18229733333333334,0.25880000000000003,GunPoint,1,5,5.2,5,21,none,0.852,1,150,1.4,32,2.0,rf,,,,,,
0.7936507936507936,0.8111071056538127,0.8289473684210527,0.9909317211948792,0.09588844444444443,0.16835555555555554,GunPoint,1,5,5.2,5,21,SMOTE-raw,0.852,1,150,1.4,32,2.0,rf,1.8905719550335442,0.19561160881832795,0.5076817234757468,,,
0.6491228070175439,0.6930102148559838,0.7366642958748222,0.9661273115220483,0.14295844444444444,0.1960222222222222,GunPoint,1,5,5.2,5,21,guide=gpf | walk=aligned,0.852,1,150,1.4,32,2.0,rf,2.069407183498522,0.2388321583459725,0.5969443205596471,0.65625,0.1,0.0
0.6371681415929203,0.6835810650875508,0.7300853485064012,0.9629267425320056,0.14540948148148147,0.20817777777777782,GunPoint,1,5,5.2,5,21,guide=sig | walk=aligned,0.852,1,150,1.4,32,2.0,rf,3.4962090324251323,0.33168578556375006,0.8251057305650917,0.65625,0.1,0.0
0.5098039215686274,0.5848976518656018,0.6710526315789473,0.9759068278805121,0.18697237037037037,0.28184444444444445,GunPoint,1,10,6.5,4,22,none,0.852,1,150,1.7999999999999998,32,2.0,rf,,,,,,
0.9659863945578231,0.9665456669582609,0.9671052631578947,0.9987553342816502,0.048363481481481486,0.13837777777777777,GunPoint,1,10,6.5,4,22,SMOTE-raw,0.852,1,150,1.7999999999999998,32,2.0,rf,1.6233204073771264,0.23065030670306264,0.5018150189430551,,,
0.8920863309352518,0.8970871148374593,0.9011379800853485,0.9919096728307254,0.08061377777777777,0.17586666666666662,GunPoint,1,10,6.5,4,22,guide=gpf | walk=aligned,0.852,1,150,1.7999999999999998,32,2.0,rf,4.523923815114059,0.3600071812042678,5.087783801857206,0.6875,0.2,0.0
0.7333333333333333,0.7608859102526822,0.7894736842105263,0.9959992887624467,0.11158970370370369,0.22695555555555555,GunPoint,1,10,6.5,4,22,guide=sig | walk=aligned,0.852,1,150,1.7999999999999998,32,2.0,rf,14.724290023020949,0.6542018492195971,4.443165039884505,0.34375,0.2,0.0
0.625,0.674020019879027,0.7235064011379801,0.959103840682788,0.16932385185185184,0.22893333333333332,GunPoint,1,20,6.5,4,22,none,0.852,1,150,1.5999999999999999,32,2.0,rf,,,,,,
0.9219858156028369,0.9248043889897674,0.9276315789473684,0.9924431009957325,0.07682414814814816,0.16528888888888893,GunPoint,1,20,6.5,4,22,SMOTE-raw,0.852,1,150,1.5999999999999999,32,2.0,rf,1.634445180014998,0.15966884502379086,0.35055630598031523,,,
0.8759124087591241,0.8824993602889376,0.8879800853485065,0.9834637268847796,0.08515066666666668,0.1429777777777778,GunPoint,1,20,6.5,4,22,guide=gpf | walk=aligned,0.852,1,150,1.5999999999999999,32,2.0,rf,2.518852415561975,0.2335804923277368,1.6582572502422144,0.34375,0.3,0.0
0.8421052631578947,0.8525753805478776,0.8616642958748222,0.9480796586059744,0.12718318518518518,0.1880222222222222,GunPoint,1,20,6.5,4,22,guide=sig | walk=aligned,0.852,1,150,1.5999999999999999,32,2.0,rf,14.517275047695817,0.5954227330413824,3.313089518556903,0.34375,0.2,0.0
0.5607476635514018,0.6240212820530979,0.6906116642958748,0.8937588904694168,0.2310028148148148,0.2719111111111111,GunPoint,2,5,5.2,5,21,none,0.852,1,150,1.5999999999999999,32,2.0,rf,,,,,,
0.625,0.674020019879027,0.7235064011379801,0.9577702702702703,0.17064362962962962,0.2172222222222223,GunPoint,2,5,5.2,5,21,SMOTE-raw,0.852,1,150,1.5999999999999999,32,2.0,rf,2.5826352622837714,0.275888465515713,0.5011039845130977,,,
0.625,0.674020019879027,0.7235064011379801,0.9701280227596016,0.15343192592592592,0.19846666666666668,GunPoint,2,5,5.2,5,21,guide=gpf | walk=aligned,0.852,1,150,1.5999999999999999,32,2.0,rf,5.496343500021542,0.35627345443684516,2.2950926444443294,0.65625,0.1,0.0
0.6491228070175439,0.6930102148559838,0.7366642958748222,0.9685277382645804,0.14584037037037037,0.19375555555555557,GunPoint,2,5,5.2,5,21,guide=sig | walk=aligned,0.852,1,150,1.5999999999999999,32,2.0,rf,6.396277024785073,0.44925059720465543,3.1033275144603882,0.328125,0.3,0.0
0.49504950495049505,0.5735393346764044,0.6644736842105263,0.9081614509246088,0.21975688888888886,0.2574222222222222,GunPoint,2,10,6.5,4,22,none,0.852,1,150,1.5999999999999999,32,2.0,rf,,,,,,
0.8217054263565892,0.835085876453812,0.8486842105263157,0.9802631578947368,0.11736807407407407,0.19522222222222219,GunPoint,2,10,6.5,4,22,SMOTE-raw,0.852,1,150,1.5999999999999999,32,2.0,rf,1.464128255866517,0.17666782374065682,0.3759650795230444,,,
0.8759124087591241,0.8824993602889376,0.8879800853485065,0.9726173541963016,0.107082,0.1612666666666667,GunPoint,2,10,6.5,4,22,guide=gpf | walk=aligned,0.852,1,150,1.5999999999999999,32,2.0,rf,1.710382950985891,0.16805383485553804,1.315122803775791,0.22916666666666666,0.3,0.0
0.8307692307692308,0.8429272304235246,0.8552631578947368,0.9690611664295874,0.10672540740740741,0.14957777777777775,GunPoint,2,10,6.5,4,22,guide=sig | walk=aligned,0.852,1,150,1.5999999999999999,32,2.0,rf,1.5467275173669321,0.1491733920076057,1.5253918151442443,0.34375,0.3,0.0
0.49504950495049505,0.5735393346764044,0.6644736842105263,0.7241287339971552,0.3101332592592593,0.3210888888888889,GunPoint,2,20,6.5,4,22,none,0.852,1,150,1.5999999999999999,32,2.0,rf,,,,,,
0.5523809523809524,0.6177207681213422,0.6907894736842105,0.7279516358463727,0.2985242222222222,0.31588888888888894,GunPoint,2,20,6.5,4,22,SMOTE-raw,0.852,1,150,1.5999999999999999,32,2.0,rf,5.025772675423682,0.5142762810367183,0.3884126465965744,,,
0.5660377358490566,0.6282808624375432,0.6973684210526316,0.8369487908961594,0.2554358518518519,0.2884000000000001,GunPoint,2,20,6.5,4,22,guide=gpf | walk=aligned,0.852,1,150,1.5999999999999999,32,2.0,rf,6.270253024572587,0.4616856159297569,2.5556412741078955,0.6875,0.1,0.0
0.5523809523809524,0.6177207681213422,0.6907894736842105,0.7473328591749645,0.2877444444444444,0.3085333333333333,GunPoint,2,20,6.5,4,22,guide=sig | walk=aligned,0.852,1,150,1.5999999999999999,32,2.0,rf,10.487326090238685,0.6899715917011038,1.7832727298161315,0.6875,0.1,0.0
0.0,0.0,0.49814126394052044,0.8329731131667676,0.042683215686274506,0.008698039215686274,Handwriting,0,5,14.0,10,130,none,0.218,3,152,1.7999999999999998,32,2.0,rf,,,,,,
0.2028985507246377,0.39869531612768977,0.5696233537938388,0.8603930722457567,0.050085124183006535,0.04797647058823529,Handwriting,0,5,14.0,10,130,SMOTE-raw,0.218,3,152,1.7999999999999998,32,2.0,rf,1.0078995537890796,0.1266721696144104,0.518532264185794,,,
0.325,0.5416036244689157,0.636292902221838,0.8345004466730065,0.0571756339869281,0.079121568627451,Handwriting,0,5,14.0,10,130,guide=gpf | walk=aligned,0.218,3,152,1.7999999999999998,32,2.0,rf,2.5887957623514195,0.18141049893685002,1.5871063115119695,0.06885593220338983,8.3,0.0
0.24444444444444444,0.4943704871971702,0.6056021440304313,0.8407970951845768,0.06567213071895425,0.09280784313725492,Handwriting,0,5,14.0,10,130,guide=sig | walk=aligned,0.218,3,152,1.7999999999999998,32,2.0,rf,0.861627113956712,0.07534811193564639,1.0816631134455523,0.29017857142857145,2.3,0.0
0.0,0.0,0.49814126394052044,0.82915477940117,0.042944457516339865,0.012098039215686272,Handwriting,0,10,14.0,10,130,none,0.218,3,152,1.5999999999999999,32,2.0,rf,,,,,,
0.21212121212121213,0.39945353294468305,0.5714820898533184,0.8466182530762801,0.04994946405228759,0.050086274509803914,Handwriting,0,10,14.0,10,130,SMOTE-raw,0.218,3,152,1.5999999999999999,32,2.0,rf,1.0053552025497945,0.12281486205245917,0.5066274812813801,,,
0.34146341463414637,0.5616896213078845,0.647301230512089,0.8422956110774905,0.05379688888888889,0.0712235294117647,Handwriting,0,10,14.0,10,130,guide=gpf | walk=aligned,0.218,3,152,1.5999999999999999,32,2.0,rf,2.1628720690671157,0.1770870955713989,1.140996478820907,0.0655241935483871,8.2,0.0
0.23376623376623376,0.4503535972801937,0.5891616956283681,0.874715426068413,0.05378271895424837,0.07332549019607845,Handwriting,0,10,14.0,10,130,guide=sig | walk=aligned,0.218,3,152,1.5999999999999999,32,2.0,rf,1.113222086577264,0.12719272931605552,0.7000699838035249,0.23897058823529413,1.7,0.0
0.0851063829787234,0.21539813707104266,0.522016656580502,0.7774992075156336,0.04321403921568627,0.018658823529411766,Handwriting,0,20,20.0,7,133,none,0.218,3,152,1.5999999999999999,32,2.0,rf,,,,,,
0.2777777777777778,0.47653204824343504,0.6045070747240714,0.7494740785568139,0.053168627450980395,0.046650980392156864,Handwriting,0,20,20.0,7,133,SMOTE-raw,0.218,3,152,1.5999999999999999,32,2.0,rf,1.9272502904655084,0.20281895140036277,0.5312624299050883,,,
0.23728813559322035,0.40121713327689157,0.5758191406587706,0.7871675167862597,0.04528517647058824,0.028980392156862742,Handwriting,0,20,20.0,7,133,guide=gpf | walk=aligned,0.218,3,152,1.5999999999999999,32,2.0,rf,3.6878590708665584,0.33832553321330355,0.43573256671139726,0.04889705882352941,10.8,0.0
0.21875,0.39995821227791123,0.5727212472263047,0.7738105530099997,0.049580457516339875,0.032113725490196074,Handwriting,0,20,20.0,7,133,guide=sig | walk=aligned,0.218,3,152,1.5999999999999999,32,2.0,rf,3.551074893841415,0.2796001241464472,0.8229128628788539,0.15985576923076922,3.6,0.0
0.0,0.0,0.49752168525402723,0.837655975332123,0.04289814379084967,0.013992156862745096,Handwriting,1,5,14.0,10,130,none,0.218,3,152,1.7999999999999998,32,2.0,rf,,,,,,
0.21333333333333335,0.42486883843070467,0.5781533673381171,0.851603700181551,0.05124711111111111,0.05352156862745098,Handwriting,1,5,14.0,10,130,SMOTE-raw,0.218,3,152,1.7999999999999998,32,2.0,rf,0.9294179535181977,0.11437862570088497,0.5445407807287156,,,
0.3333333333333333,0.5422948865555743,0.6375320595948244,0.8465318002363044,0.05460751633986928,0.07643529411764706,Handwriting,1,5,14.0,10,130,guide=gpf | walk=aligned,0.218,3,152,1.7999999999999998,32,2.0,rf,2.4615469657821896,0.1734060256427037,1.47240876234764,0.0712719298245614,7.0,0.0
0.21951219512195122,0.4489115391517286,0.5860638021959022,0.8451629636033544,0.059631032679738565,0.0816392156862745,Handwriting,1,5,14.0,10,130,guide=sig | walk=aligned,0.218,3,152,1.7999999999999998,32,2.0,rf,1.012970630225671,0.11281896564411598,0.7376161637702034,0.25390625,2.1,0.0
0.0425531914893617,0.15221485181647873,0.5097691709172646,0.8414310826777327,0.04230403921568628,0.017705882352941175,Handwriting,1,10,14.0,10,130,none,0.218,3,152,1.7999999999999998,32,2.0,rf,,,,,,
0.2564102564102564,0.4747143732852078,0.6007896026051123,0.8612143742255266,0.050585725490196076,0.05238431372549019,Handwriting,1,10,14.0,10,130,SMOTE-raw,0.218,3,152,1.7999999999999998,32,2.0,rf,0.8897066592375102,0.10692293329022673,0.5616270633012483,,,
0.3170731707317073,0.5409114789791482,0.6350537448488516,0.8445289761101984,0.05531537254901961,0.07688627450980393,Handwriting,1,10,14.0,10,130,guide=gpf | walk=aligned,0.218,3,152,1.7999999999999998,32,2.0,rf,2.698330745281413,0.2021066341025397,1.3968613816325823,0.07523148148148148,7.5,0.0
0.23529411764705882,0.4725849164656011,0.59645255179966,0.8494856056021439,0.0641567843137255,0.10152941176470587,Handwriting,1,10,14.0,10,130,guide=sig | walk=aligned,0.218,3,152,1.7999999999999998,32,2.0,rf,0.8517059602808255,0.08468641654464026,0.8309832500838652,0.23897058823529413,1.8,0.0
0.0851063829787234,0.21539813707104266,0.522016656580502,0.7384081150399124,0.04484294117647059,0.013745098039215689,Handwriting,1,20,20.0,7,133,none,0.218,3,152,1.5999999999999999,32,2.0,rf,,,,,,
0.2647058823529412,0.4529377322133334,0.5947379038068067,0.8430880954439354,0.04945298039215686,0.05681960784313725,Handwriting,1,20,20.0,7,133,SMOTE-raw,0.218,3,152,1.5999999999999999,32,2.0,rf,1.2812099719222632,0.15733727691914756,0.4906744045826025,,,
0.21052631578947367,0.3716875546494899,0.5648108123685196,0.8345004466730066,0.04534839215686274,0.03708235294117647,Handwriting,1,20,20.0,7,133,guide=gpf | walk=aligned,0.218,3,152,1.5999999999999999,32,2.0,rf,2.6058131855822504,0.20514185738576474,1.003343260315121,0.04889705882352941,11.9,0.0
0.07692307692307693,0.25884541908490427,0.5150572029624506,0.7483790092504539,0.06574990849673203,0.07643921568627453,Handwriting,1,20,20.0,7,133,guide=sig | walk=aligned,0.218,3,152,1.5999999999999999,32,2.0,rf,3.1181292784142736,0.30323105385492455,0.6749800960397588,0.2078125,3.2,0.0
0.0,0.0,0.49814126394052044,0.8450909195700411,0.041911163398692816,0.01109019607843137,Handwriting,2,5,14.0,10,130,none,0.218,3,152,1.7999999999999998,32,2.0,rf,,,,,,
0.1917808219178082,0.3976821116533293,0.5671450390478661,0.852626725454598,0.05118428758169935,0.053380392156862744,Handwriting,2,5,14.0,10,130,SMOTE-raw,0.218,3,152,1.7999999999999998,32,2.0,rf,1.034172957029809,0.12615462122335963,0.5091640236908651,,,
0.325,0.5416036244689157,0.636292902221838,0.845220598830005,0.054456,0.07430588235294118,Handwriting,2,5,14.0,10,130,guide=gpf | walk=aligned,0.218,3,152,1.7999999999999998,32,2.0,rf,2.638875264198888,0.18257952440739322,1.5481034149972783,0.08125,6.1,0.0
0.25882352941176473,0.4959709138089218,0.6087000374628972,0.8651047520244374,0.057608627450980394,0.07729411764705883,Handwriting,2,5,14.0,10,130,guide=sig | walk=aligned,0.218,3,152,1.7999999999999998,32,2.0,rf,1.0249299351946446,0.10585656168482926,0.795288506688778,0.2708333333333333,2.3,0.0
0.0,0.0,0.49876084262701365,0.8457104982565344,0.04221981699346406,0.011435294117647059,Handwriting,2,10,14.0,10,130,none,0.218,3,152,1.5999999999999999,32,2.0,rf,,,,,,
0.24,0.4509291292687418,0.5904008530013544,0.8586063802195901,0.05052028758169935,0.05108235294117646,Handwriting,2,10,14.0,10,130,SMOTE-raw,0.218,3,152,1.5999999999999999,32,2.0,rf,1.052408698839538,0.12722186251145118,0.5017943881293712,,,
0.38461538461538464,0.5832597408571469,0.6620270309212991,0.85477363764733,0.05087090196078431,0.06810980392156861,Handwriting,2,10,14.0,10,130,guide=gpf | walk=aligned,0.218,3,152,1.5999999999999999,32,2.0,rf,2.5017306974025084,0.2039154635636542,1.1324045427904965,0.06885593220338983,8.1,0.0
0.24096385542168675,0.47319431055043804,0.5976917091726464,0.8580156191464222,0.05838583006535948,0.08525490196078432,Handwriting,2,10,14.0,10,130,guide=sig | walk=aligned,0.218,3,152,1.5999999999999999,32,2.0,rf,1.1974262120054115,0.1260724774738573,0.7123411553289356,0.2708333333333333,2.4,0.0
0.044444444444444446,0.1524040561801526,0.511008328290251,0.8690671738566612,0.04009052287581699,0.011000000000000003,Handwriting,2,20,20.0,7,133,none,0.218,3,152,1.5999999999999999,32,2.0,rf,,,,,,
0.19672131147540983,0.3707560054287876,0.5623324976225469,0.8553499899138353,0.045089843137254906,0.03464705882352941,Handwriting,2,20,20.0,7,133,SMOTE-raw,0.218,3,152,1.5999999999999999,32,2.0,rf,1.5009279124157153,0.2050406149932586,0.49183140396690395,,,
0.26666666666666666,0.4289191572644989,0.5874470476355148,0.8686349096567821,0.04394294117647059,0.029972549019607844,Handwriting,2,20,20.0,7,133,guide=gpf | walk=aligned,0.218,3,152,1.5999999999999999,32,2.0,rf,2.349357641789542,0.1894056924761206,1.1222701358983045,0.08482142857142858,6.9,0.0
0.21052631578947367,0.3716875546494899,0.5648108123685196,0.8275409930549552,0.046289032679738565,0.02629411764705881,Handwriting,2,20,20.0,7,133,guide=sig | walk=aligned,0.218,3,152,1.5999999999999999,32,2.0,rf,2.6801663584228557,0.23320614603843948,1.1750703702463572,0.31971153846153844,2.0,0.0
0.4528301886792453,0.6129257624655972,0.678799124559901,0.8941383575982491,0.05798441441441442,0.03436936936936937,JapaneseVowels,0,5,8.0,30,210,none,0.85,12,29,2.0,32,2.0,rf,,,,,,
0.44642857142857145,0.820507445066093,0.8206299362451233,0.9017033019316777,0.1110763963963964,0.18675675675675676,JapaneseVowels,0,5,8.0,30,210,SMOTE-raw,0.85,12,29,2.0,32,2.0,rf,1.2730771566737111,0.07910324020237347,0.5319080590499142,,,
0.5070422535211268,0.7368603493348819,0.7578742030640404,0.8968978970406318,0.06575249249249249,0.0682882882882883,JapaneseVowels,0,5,8.0,30,210,guide=gpf | walk=aligned,0.85,12,29,2.0,32,2.0,rf,6.30883095867947,0.2252906061436042,2.9886179597801803,0.4375,1.1,0.0
0.45161290322580644,0.7716797135856893,0.7782377010181749,0.8872870872585402,0.0946969069069069,0.14887387387387385,JapaneseVowels,0,5,8.0,30,210,guide=sig | walk=aligned,0.85,12,29,2.0,32,2.0,rf,2.8372466120452398,0.06982854995655463,26.38826596113931,0.34539473684210525,1.1,0.0
0.39215686274509803,0.5595221102974347,0.646541060043772,0.9043201065753164,0.056002822822822824,0.028918918918918925,JapaneseVowels,0,10,10.0,24,216,none,0.85,12,29,2.0,32,2.0,rf,,,,,,
0.5242718446601942,0.8691102087496715,0.8691121895518128,0.90070415834047,0.10524255255255255,0.17429729729729734,JapaneseVowels,0,10,10.0,24,216,SMOTE-raw,0.85,12,29,2.0,32,2.0,rf,1.1276531500171103,0.06776267357824861,0.4940907348560611,,,
0.5074626865671642,0.7194800461291472,0.7461699495670377,0.9171186601960225,0.0633481081081081,0.05392792792792792,JapaneseVowels,0,10,10.0,24,216,guide=gpf | walk=aligned,0.85,12,29,2.0,32,2.0,rf,9.73190622302333,0.2416979668842686,5.494345134914748,0.39705882352941174,1.1,0.0
0.5176470588235295,0.8016777535130221,0.8076410695594253,0.9018460367304215,0.0839490990990991,0.13973873873873874,JapaneseVowels,0,10,10.0,24,216,guide=sig | walk=aligned,0.85,12,29,2.0,32,2.0,rf,4.187496313036242,0.10712514686236219,8.575495756538956,0.45,2.0,0.0
0.2564102564102564,0.39982868155399487,0.5762203825292607,0.8785802645351604,0.06247492492492492,0.03927027027027028,JapaneseVowels,0,20,20.0,12,228,none,0.85,12,29,2.0,32,2.0,rf,,,,,,
0.42424242424242425,0.6508739376192562,0.6948330002854696,0.8991816538205347,0.07072207207207207,0.07991891891891893,JapaneseVowels,0,20,20.0,12,228,SMOTE-raw,0.85,12,29,2.0,32,2.0,rf,1.3233397245729535,0.05994620243455373,0.49414239609442917,,,
0.5084745762711864,0.6821403403297771,0.7227614425730327,0.8909506137596346,0.06176354354354355,0.03536936936936937,JapaneseVowels,0,20,20.0,12,228,guide=gpf | walk=aligned,0.85,12,29,2.0,32,2.0,rf,22.214140856249518,0.31949077636915457,9.591536365261675,0.35625,2.3,0.0
0.41509433962264153,0.5859392197535583,0.6611951660481492,0.894471405461985,0.06045177177177177,0.05180180180180181,JapaneseVowels,0,20,20.0,12,228,guide=sig | walk=aligned,0.85,12,29,2.0,32,2.0,rf,18.199230847119107,0.24033431389787663,14.262977472949476,0.27403846153846156,1.8,0.0
0.41509433962264153,0.5859392197535583,0.6611951660481492,0.8960890665144162,0.0575345945945946,0.03769369369369369,JapaneseVowels,1,5,8.0,30,210,none,0.85,12,29,2.1999999999999997,32,2.0,rf,,,,,,
0.4369747899159664,0.827838962018504,0.8279094109810639,0.8911885050908744,0.12068477477477478,0.19822522522522523,JapaneseVowels,1,5,8.0,30,210,SMOTE-raw,0.85,12,29,2.1999999999999997,32,2.0,rf,1.2647581804147539,0.07995038445282965,0.5436144859645987,,,
0.5,0.7001760174550143,0.7329907698163478,0.9017984584641736,0.06340288288288287,0.0636036036036036,JapaneseVowels,1,5,8.0,30,210,guide=gpf | walk=aligned,0.85,12,29,2.1999999999999997,32,2.0,rf,8.540148273634804,0.2376827276828799,7.693621245094463,0.46875,1.3,0.0
0.49411764705882355,0.7819692307367422,0.7900371110476734,0.9004186887429823,0.09056756756756756,0.15540540540540543,JapaneseVowels,1,5,8.0,30,210,guide=sig | walk=aligned,0.85,12,29,2.1999999999999997,32,2.0,rf,4.087247788291121,0.07842743338132918,35.022953677324935,0.34539473684210525,2.5,0.0
0.3111111111111111,0.47025927053126915,0.6025787420306404,0.9150727947473594,0.052176696696696695,0.03845045045045045,JapaneseVowels,1,10,10.0,24,216,none,0.85,12,29,2.1999999999999997,32,2.0,rf,,,,,,
0.5128205128205128,0.77056911615686,0.7827576363117328,0.9176420211247501,0.0767290990990991,0.12703603603603603,JapaneseVowels,1,10,10.0,24,216,SMOTE-raw,0.85,12,29,2.1999999999999997,32,2.0,rf,1.5327553839750703,0.0951866637887906,0.4229138610398595,,,
0.5714285714285714,0.7803856789909188,0.7945570463412313,0.9211152345608526,0.06280945945945945,0.06914414414414413,JapaneseVowels,1,10,10.0,24,216,guide=gpf | walk=aligned,0.85,12,29,2.1999999999999997,32,2.0,rf,11.340661611855205,0.21543675292340392,15.608238282653334,0.35526315789473684,2.1,0.0
0.49122807017543857,0.6600201555759384,0.7081073365686554,0.9274907222380817,0.05458975975975976,0.0604954954954955,JapaneseVowels,1,10,10.0,24,216,guide=sig | walk=aligned,0.85,12,29,2.1999999999999997,32,2.0,rf,8.038867492990315,0.15235218084271185,10.471741397777164,0.23275862068965517,1.6,0.0
0.2222222222222222,0.35868040361097553,0.5630412027785707,0.8862879436673328,0.05472246246246246,0.032288288288288294,JapaneseVowels,1,20,20.0,12,228,none,0.85,12,29,2.0,32,2.0,rf,,,,,,
0.5666666666666667,0.7273067881884635,0.7564944333428489,0.8716814159292035,0.06173615615615616,0.05418018018018018,JapaneseVowels,1,20,20.0,12,228,SMOTE-raw,0.85,12,29,2.0,32,2.0,rf,1.356365629559697,0.06536843563172456,0.557290436411899,,,
0.5,0.6175656906303904,0.6861737558283376,0.8976115710343515,0.04738183183183183,0.0322972972972973,JapaneseVowels,1,20,20.0,12,228,guide=gpf | walk=aligned,0.85,12,29,2.0,32,2.0,rf,20.7657101350257,0.3602212507050738,8.438219789241748,0.3958333333333333,1.6,0.0
0.5098039215686274,0.6408553614135919,0.6993529355790276,0.8974688362356075,0.053130810810810815,0.03637837837837839,JapaneseVowels,1,20,20.0,12,228,guide=sig | walk=aligned,0.85,12,29,2.0,32,2.0,rf,7.449657325647863,0.15266180788130712,3.363884980624989,0.19256756756756757,3.2,0.0
0.43636363636363634,0.6110599262872102,0.6758492720525264,0.9010847844704538,0.057368528528528535,0.041711711711711716,JapaneseVowels,2,5,8.0,30,210,none,0.85,12,29,2.0,32,2.0,rf,,,,,,
0.4444444444444444,0.8308221751528203,0.8308592634884384,0.9034636977828527,0.11626636636636638,0.1935675675675676,JapaneseVowels,2,5,8.0,30,210,SMOTE-raw,0.85,12,29,2.0,32,2.0,rf,1.167324035332367,0.07263886985489665,0.5436187175962406,,,
0.47761194029850745,0.6969066952321226,0.728565991055286,0.9083166809401465,0.06416975975975976,0.06236936936936938,JapaneseVowels,2,5,8.0,30,210,guide=gpf | walk=aligned,0.85,12,29,2.0,32,2.0,rf,7.742490002438972,0.2568485487842054,3.7536082053508952,0.41015625,2.8,0.0
0.46153846153846156,0.7742649124973453,0.7811875535255495,0.8994195451517747,0.09093147147147147,0.14482882882882883,JapaneseVowels,2,5,8.0,30,210,guide=sig | walk=aligned,0.85,12,29,2.0,32,2.0,rf,2.088813996036274,0.06282390753615252,16.528307574211187,0.3645833333333333,2.5,0.0
0.4166666666666667,0.5620673339436952,0.6509658388048339,0.8829574650299743,0.057692702702702714,0.024801801801801797,JapaneseVowels,2,10,10.0,24,216,none,0.85,12,29,1.7999999999999998,32,2.0,rf,,,,,,
0.4247787610619469,0.8010840499927122,0.8015510514796841,0.890046626700923,0.11001240240240241,0.18054954954954958,JapaneseVowels,2,10,10.0,24,216,SMOTE-raw,0.85,12,29,1.7999999999999998,32,2.0,rf,1.4419684833831958,0.09041187724107524,0.45937980658606997,,,
0.5074626865671642,0.7194800461291472,0.7461699495670377,0.8997050147492625,0.06350966966966966,0.05347747747747748,JapaneseVowels,2,10,10.0,24,216,guide=gpf | walk=aligned,0.85,12,29,1.7999999999999998,32,2.0,rf,8.915788740362178,0.2228675742266346,5.1203709995399995,0.32142857142857145,3.5,0.0
0.49411764705882355,0.7819692307367422,0.7900371110476734,0.918165382053478,0.08362936936936938,0.13086486486486487,JapaneseVowels,2,10,10.0,24,216,guide=sig | walk=aligned,0.85,12,29,1.7999999999999998,32,2.0,rf,3.5780643897522033,0.06958963639886839,14.335473664111253,0.23275862068965517,1.0,0.0
0.17647058823529413,0.3110855084191276,0.5483870967741935,0.8845275478161576,0.057487507507507515,0.02353153153153153,JapaneseVowels,2,20,20.0,12,228,none,0.85,12,29,2.1999999999999997,32,2.0,rf,,,,,,
0.463768115942029,0.6947185997362443,0.7256161385479113,0.8968503187743839,0.07718963963963964,0.10631531531531532,JapaneseVowels,2,20,20.0,12,228,SMOTE-raw,0.85,12,29,2.1999999999999997,32,2.0,rf,1.1855676922106095,0.07034559440070876,0.4248242871042112,,,
0.4,0.5603718026780561,0.6480159862974593,0.9017984584641736,0.05519645645645647,0.03158558558558559,JapaneseVowels,2,20,20.0,12,228,guide=gpf | walk=aligned,0.85,12,29,2.1999999999999997,32,2.0,rf,19.846328100409885,0.28855371022468834,10.909263492671263,0.3958333333333333,1.0,0.0
0.41509433962264153,0.5859392197535583,0.6611951660481492,0.8820534779712628,0.05616714714714715,0.029225225225225235,JapaneseVowels,2,20,20.0,12,228,guide=sig | walk=aligned,0.85,12,29,2.1999999999999997,32,2.0,rf,46.33306619265855,0.3078560761119511,30.04955904932806,0.06597222222222222,8.9,0.0
0.27450980392156865,0.40161823294666765,0.5768081928739066,0.7803499039897589,0.17578501461988305,0.11559210526315788,RacketSports,0,5,4.9,22,86,none,0.138,6,30,2.1999999999999997,32,2.0,rf,,,,,,
0.37681159420289856,0.5160120172659509,0.5915297631747387,0.7768295284830382,0.17731586257309942,0.10160087719298246,RacketSports,0,5,4.9,22,86,SMOTE-raw,0.138,6,30,2.1999999999999997,32,2.0,rf,0.9041579537219082,0.07272124280423453,0.4181880812127235,,,
0.4,0.5266525597690845,0.6098783870279496,0.7886707915510988,0.16607777777777777,0.09491228070175439,RacketSports,0,5,4.9,22,86,guide=gpf | walk=aligned,0.138,6,30,2.1999999999999997,32,2.0,rf,3.6743384752006047,0.21646234622000982,1.6658047228371948,0.2986111111111111,0.7,0.0
0.5517241379310345,0.6750767445645314,0.6873266481758054,0.7829101770855559,0.17004210526315788,0.07627192982456141,RacketSports,0,5,4.9,22,86,guide=sig | walk=aligned,0.138,6,30,2.1999999999999997,32,2.0,rf,1.6315062952583599,0.10532894155796724,1.6249861637396847,0.38392857142857145,0.7,0.0
0.08888888888888889,0.21566554640687682,0.5232558139534884,0.7630680605931299,0.20502682748538012,0.1705043859649123,RacketSports,0,10,9.8,11,97,none,0.138,6,30,2.0,32,2.0,rf,,,,,,
0.3492063492063492,0.4844498946723467,0.5866225730744613,0.7529336462556006,0.1887454678362573,0.14206140350877194,RacketSports,0,10,9.8,11,97,SMOTE-raw,0.138,6,30,2.0,32,2.0,rf,1.543183130429516,0.13105665159760926,0.5002438943381525,,,
0.32142857142857145,0.4490228349360472,0.5863025389374866,0.7314913590783018,0.18849152046783627,0.13263157894736838,RacketSports,0,10,9.8,11,97,guide=gpf | walk=aligned,0.138,6,30,2.0,32,2.0,rf,7.746881967365071,0.40455549599098695,1.3534652348726564,0.10104166666666667,2.5,0.0
0.5142857142857142,0.6197103874952661,0.6680179219116706,0.8032856838062725,0.15290504385964915,0.07914473684210527,RacketSports,0,10,9.8,11,97,guide=sig | walk=aligned,0.138,6,30,2.0,32,2.0,rf,1.9854459826388622,0.11507788120396734,1.560436302143765,0.37890625,0.4,0.0
0.0,0.0,0.5,0.5907830168551311,0.25285950292397663,0.2119298245614035,RacketSports,0,20,21.6,5,103,none,0.138,6,30,1.4,32,2.0,rf,,,,,,
0.1276595744680851,0.26292085042178737,0.5302965649669298,0.5931299338596117,0.21773252923976608,0.14186403508771928,RacketSports,0,20,21.6,5,103,SMOTE-raw,0.138,6,30,1.4,32,2.0,rf,3.465487459255633,0.12607766335527015,0.3797416689467879,,,
0.12,0.2592434546226157,0.5165350970770215,0.5663537443994026,0.22024254385964911,0.13736842105263158,RacketSports,0,20,21.6,5,103,guide=gpf | walk=aligned,0.138,6,30,1.4,32,2.0,rf,1.5603212100878325,0.1928680003361477,0.05542891292603705,0.07485465116279069,2.6,0.0
0.045454545454545456,0.15249857033260467,0.5116279069767442,0.6344143375293364,0.22766359649122805,0.18736842105263157,RacketSports,0,20,21.6,5,103,guide=sig | walk=aligned,0.138,6,30,1.4,32,2.0,rf,2.8479885884058858,0.5153158980905359,0.006444314074705197,0.04876893939393939,5.1,0.0
0.23076923076923078,0.3683673086434719,0.5560059739705568,0.8308086195860891,0.16713713450292397,0.10714912280701756,RacketSports,1,5,4.9,22,86,none,0.138,6,30,2.4,32,2.0,rf,,,,,,
0.4857142857142857,0.5992314258160307,0.6518028589716236,0.8282483464902923,0.150615716374269,0.1068201754385965,RacketSports,1,5,4.9,22,86,SMOTE-raw,0.138,6,30,2.4,32,2.0,rf,0.685398279812639,0.08027223009453743,0.4238824706142596,,,
0.6153846153846154,0.7083879775773932,0.7286110518455302,0.8532110091743119,0.14084934210526315,0.08532894736842105,RacketSports,1,5,4.9,22,86,guide=gpf | walk=aligned,0.138,6,30,2.4,32,2.0,rf,0.608865160977996,0.05212013559176021,2.8410870146170546,0.4479166666666667,0.6,0.0
0.6739130434782609,0.7758076653421158,0.7778963089396203,0.8401962876040111,0.15057470760233918,0.11837719298245614,RacketSports,1,5,4.9,22,86,guide=sig | walk=aligned,0.138,6,30,2.4,32,2.0,rf,0.7367913530055281,0.038724975103659465,3.2293371723960456,0.4479166666666667,0.6,0.0
0.0,0.0,0.5,0.7096223597183698,0.22220475146198831,0.17502192982456138,RacketSports,1,10,9.8,11,97,none,0.138,6,30,2.1999999999999997,32,2.0,rf,,,,,,
0.4375,0.5519714652043431,0.6306806059312994,0.7775762748026457,0.16909576023391815,0.10657894736842106,RacketSports,1,10,9.8,11,97,SMOTE-raw,0.138,6,30,2.1999999999999997,32,2.0,rf,1.1192899062276078,0.09515895832324495,0.3816809559530756,,,
0.2807017543859649,0.4192915682967157,0.565500320034137,0.7213569447407724,0.1976138157894737,0.1526535087719298,RacketSports,1,10,9.8,11,97,guide=gpf | walk=aligned,0.138,6,30,2.1999999999999997,32,2.0,rf,9.384116919611142,0.412458604676187,3.166734531551894,0.1684027777777778,1.7,0.0
0.5454545454545454,0.6558398280783782,0.6845530189886921,0.7797098357158097,0.16258552631578949,0.10035087719298247,RacketSports,1,10,9.8,11,97,guide=sig | walk=aligned,0.138,6,30,2.1999999999999997,32,2.0,rf,2.875141543389568,0.1629806750470949,2.3615595355655494,0.2755681818181818,0.4,0.0
0.0,0.0,0.5,0.755280563260081,0.237674634502924,0.21594298245614035,RacketSports,1,20,21.6,5,103,none,0.138,6,30,1.5999999999999999,32,2.0,rf,,,,,,
0.045454545454545456,0.15249857033260467,0.5116279069767442,0.7352250906763389,0.20822288011695905,0.18927631578947368,RacketSports,1,20,21.6,5,103,SMOTE-raw,0.138,6,30,1.5999999999999999,32,2.0,rf,2.6901384418987835,0.2154896211675984,0.4331696920769768,,,
0.1276595744680851,0.26292085042178737,0.5302965649669298,0.6942607211435887,0.21723530701754387,0.16182017543859648,RacketSports,1,20,21.6,5,103,guide=gpf | walk=aligned,0.138,6,30,1.5999999999999999,32,2.0,rf,6.471866467305492,0.3831317105403308,1.2801779866265741,0.04876893939393939,5.7,0.0
0.3508771929824561,0.47331162660791193,0.5979304459142308,0.7366119052698955,0.18579517543859647,0.1310526315789474,RacketSports,1,20,21.6,5,103,guide=sig | walk=aligned,0.138,6,30,1.5999999999999999,32,2.0,rf,5.0367786258435,0.32091846532351676,0.9084567688374598,0.11099137931034483,1.8,0.0
0.43636363636363634,0.5282705437953743,0.6395348837209303,0.8661190526989545,0.1438501461988304,0.09881578947368422,RacketSports,2,5,4.9,22,86,none,0.138,6,30,2.1999999999999997,32,2.0,rf,,,,,,
0.5373134328358209,0.6289373524450736,0.6817793898015788,0.884681032643482,0.13249349415204678,0.0901535087719298,RacketSports,2,5,4.9,22,86,SMOTE-raw,0.138,6,30,2.1999999999999997,32,2.0,rf,0.7373161265518586,0.07681575161854548,0.44842071638077846,,,
0.64,0.7191489173675858,0.7423725197354385,0.8895882227437594,0.12426681286549708,0.10403508771929822,RacketSports,2,5,4.9,22,86,guide=gpf | walk=aligned,0.138,6,30,2.1999999999999997,32,2.0,rf,1.2324830455779523,0.07080413554102605,1.6788183477870482,0.19196428571428573,0.9,0.0
0.6419753086419753,0.7335421339636726,0.7472797098357158,0.8710262427992319,0.13827807017543858,0.10285087719298243,RacketSports,2,5,4.9,22,86,guide=sig | walk=aligned,0.138,6,30,2.1999999999999997,32,2.0,rf,0.9988956252755763,0.06418211635927284,3.133715965152128,0.38392857142857145,0.4,0.0
0.0,0.0,0.4954128440366973,0.7377853637721355,0.22061191520467835,0.19796052631578948,RacketSports,2,10,9.8,11,97,none,0.138,6,30,2.0,32,2.0,rf,,,,,,
0.3225806451612903,0.46190485093405015,0.5749946660977171,0.7871772989118839,0.17420095029239765,0.10936403508771932,RacketSports,2,10,9.8,11,97,SMOTE-raw,0.138,6,30,2.0,32,2.0,rf,0.9767953168584036,0.09022737618847165,0.3398215626593017,,,
0.20689655172413793,0.3577899590399991,0.5284830381907404,0.7387454661830596,0.18928355263157892,0.13883771929824562,RacketSports,2,10,9.8,11,97,guide=gpf | walk=aligned,0.138,6,30,2.0,32,2.0,rf,7.25154436520809,0.3649552472748373,1.922537878890101,0.04811507936507937,3.6,0.0
0.375,0.5059914125552809,0.5982504800512055,0.7849370599530616,0.17118852339181287,0.07322368421052632,RacketSports,2,10,9.8,11,97,guide=sig | walk=aligned,0.138,6,30,2.0,32,2.0,rf,2.3481712520836044,0.15258729232527224,1.5868182640215123,0.4330357142857143,0.7,0.0
0.0,0.0,0.5,0.7000213356091316,0.24307426900584797,0.19412280701754386,RacketSports,2,20,21.6,5,103,none,0.138,6,30,1.4,32,2.0,rf,,,,,,
0.13043478260869565,0.26413527189768715,0.5348837209302325,0.8039257520802219,0.20571608187134502,0.17859649122807017,RacketSports,2,20,21.6,5,103,SMOTE-raw,0.138,6,30,1.4,32,2.0,rf,2.3448438683585895,0.16932704486205497,0.28743142666071547,,,
0.0,0.0,0.48623853211009177,0.6759120972903776,0.23860869883040936,0.20537280701754382,RacketSports,2,20,21.6,5,103,guide=gpf | walk=aligned,0.138,6,30,1.4,32,2.0,rf,3.887284355376867,0.4163961397448147,0.055738307600430526,0.04876893939393939,5.2,0.0
0.0,0.0,0.5,0.6627906976744186,0.24401038011695905,0.20399122807017547,RacketSports,2,20,21.6,5,103,guide=sig | walk=aligned,0.138,6,30,1.4,32,2.0,rf,5.0880961955452015,0.594315997823706,0.027381678720584203,0.04876893939393939,4.9,0.0
